packet_index	time_display	vendor_type_name	requester_bdf	tag	outcome	completions	completion_packets	statuses
1944517	4.848 sec	CfgRd0	000:00.0	8	SAME_KEY_REISSUED_BEFORE_ANY_COMPLETION_OBSERVED	0		
1944519	4.848 sec	CfgRd0	000:00.0	14	SAME_KEY_REISSUED_BEFORE_ANY_COMPLETION_OBSERVED	0		
1944521	4.848 sec	CfgRd0	000:00.0	0	SAME_KEY_REISSUED_BEFORE_ANY_COMPLETION_OBSERVED	0		
1944523	4.848 sec	CfgRd0	000:00.0	5	SAME_KEY_REISSUED_BEFORE_ANY_COMPLETION_OBSERVED	0		
1944525	4.848 sec	CfgRd0	000:00.0	11	SAME_KEY_REISSUED_BEFORE_ANY_COMPLETION_OBSERVED	0		
1944527	4.848 sec	CfgRd0	000:00.0	1	SAME_KEY_REISSUED_BEFORE_ANY_COMPLETION_OBSERVED	0		
1944531	4.848 sec	CfgRd0	000:00.0	7	SAME_KEY_REISSUED_BEFORE_ANY_COMPLETION_OBSERVED	0		
1944533	4.848 sec	CfgRd0	000:00.0	13	SAME_KEY_REISSUED_BEFORE_ANY_COMPLETION_OBSERVED	0		
1944535	4.848 sec	CfgRd0	000:00.0	3	SAME_KEY_REISSUED_BEFORE_ANY_COMPLETION_OBSERVED	0		
1944537	4.848 sec	CfgRd0	000:00.0	9	SAME_KEY_REISSUED_BEFORE_ANY_COMPLETION_OBSERVED	0		
1944539	4.848 sec	CfgRd0	000:00.0	15	SAME_KEY_REISSUED_BEFORE_ANY_COMPLETION_OBSERVED	0		
1944543	4.848 sec	CfgRd0	000:00.0	0	SAME_KEY_REISSUED_BEFORE_ANY_COMPLETION_OBSERVED	0		
1944547	4.848 sec	CfgRd0	000:00.0	4	SAME_KEY_REISSUED_BEFORE_ANY_COMPLETION_OBSERVED	0		
1944549	4.848 sec	CfgRd0	000:00.0	10	SAME_KEY_REISSUED_BEFORE_ANY_COMPLETION_OBSERVED	0		
1944551	4.848 sec	CfgRd0	000:00.0	1	SAME_KEY_REISSUED_BEFORE_ANY_COMPLETION_OBSERVED	0		
1944553	4.848 sec	CfgRd0	000:00.0	6	SAME_KEY_REISSUED_BEFORE_ANY_COMPLETION_OBSERVED	0		
1944555	4.848 sec	CfgRd0	000:00.0	12	SAME_KEY_REISSUED_BEFORE_ANY_COMPLETION_OBSERVED	0		
1944557	4.848 sec	CfgRd0	000:00.0	2	SAME_KEY_REISSUED_BEFORE_ANY_COMPLETION_OBSERVED	0		
1944559	4.848 sec	CfgRd0	000:00.0	8	SAME_KEY_REISSUED_BEFORE_ANY_COMPLETION_OBSERVED	0		
1944563	4.848 sec	CfgWr0	000:00.0	14	SAME_KEY_REISSUED_BEFORE_ANY_COMPLETION_OBSERVED	0		
1944567	4.848 sec	CfgWr0	000:00.0	0	SAME_KEY_REISSUED_BEFORE_ANY_COMPLETION_OBSERVED	0		
1944571	4.848 sec	CfgWr0	000:00.0	5	SAME_KEY_REISSUED_BEFORE_ANY_COMPLETION_OBSERVED	0		
1945005	4.853 sec	MRd(32)	000:00.0	11	COMPLETIONS_OBSERVED	1	1945008	UR
1945011	4.853 sec	MRd(32)	000:00.0	1	COMPLETIONS_OBSERVED	1	1945013	UR
1945016	4.853 sec	MRd(32)	000:00.0	7	COMPLETIONS_OBSERVED	1	1945018	UR
1945021	4.853 sec	MRd(32)	000:00.0	13	COMPLETIONS_OBSERVED	1	1945023	UR
2093063	5.880 sec	MRd(32)	000:00.0	3	COMPLETIONS_OBSERVED	1	2093065	UR
2093071	5.880 sec	MRd(32)	000:00.0	9	COMPLETIONS_OBSERVED	1	2093075	UR
2093079	5.880 sec	MRd(32)	000:00.0	15	COMPLETIONS_OBSERVED	1	2093081	UR
2093086	5.880 sec	MRd(32)	000:00.0	0	COMPLETIONS_OBSERVED	1	2093088	UR
2093091	5.880 sec	MRd(32)	000:00.0	4	COMPLETIONS_OBSERVED	1	2093093	UR
2093522	5.883 sec	CfgRd0	000:00.0	10	COMPLETIONS_OBSERVED	1	2093524	SC
2093536	5.883 sec	CfgRd0	000:00.0	1	COMPLETIONS_OBSERVED	1	2093538	SC
2093550	5.883 sec	CfgRd0	000:00.0	6	COMPLETIONS_OBSERVED	1	2093552	SC
2093564	5.883 sec	CfgRd0	000:00.0	12	COMPLETIONS_OBSERVED	1	2093566	SC
2093577	5.883 sec	CfgRd0	000:00.0	2	COMPLETIONS_OBSERVED	1	2093580	SC
2093601	5.883 sec	CfgRd0	000:00.0	8	COMPLETIONS_OBSERVED	1	2093603	SC
2093615	5.883 sec	CfgRd0	000:00.0	14	COMPLETIONS_OBSERVED	1	2093617	SC
2093638	5.883 sec	CfgRd0	000:00.0	0	COMPLETIONS_OBSERVED	1	2093640	SC
2093652	5.883 sec	CfgRd0	000:00.0	5	COMPLETIONS_OBSERVED	1	2093654	SC
2094432	5.889 sec	CfgRd0	000:00.0	11	COMPLETIONS_OBSERVED	1	2094434	SC
2094437	5.889 sec	CfgRd0	000:00.0	1	COMPLETIONS_OBSERVED	1	2094439	SC
2094442	5.889 sec	CfgRd0	000:00.0	7	COMPLETIONS_OBSERVED	1	2094444	SC
2094447	5.889 sec	CfgRd0	000:00.0	13	COMPLETIONS_OBSERVED	1	2094449	SC
2094454	5.889 sec	CfgRd0	000:00.0	3	COMPLETIONS_OBSERVED	1	2094457	SC
2094460	5.889 sec	CfgRd0	000:00.0	9	COMPLETIONS_OBSERVED	1	2094462	SC
2094465	5.889 sec	CfgRd0	000:00.0	15	COMPLETIONS_OBSERVED	1	2094467	SC
2094470	5.889 sec	CfgRd0	000:00.0	0	COMPLETIONS_OBSERVED	1	2094472	SC
2094475	5.889 sec	CfgRd0	000:00.0	4	COMPLETIONS_OBSERVED	1	2094477	SC
2094480	5.889 sec	CfgRd0	000:00.0	10	COMPLETIONS_OBSERVED	1	2094483	SC
2094488	5.889 sec	CfgRd0	000:00.0	1	COMPLETIONS_OBSERVED	1	2094490	SC
2094493	5.889 sec	CfgRd0	000:00.0	6	COMPLETIONS_OBSERVED	1	2094495	SC
2094498	5.889 sec	CfgRd0	000:00.0	12	COMPLETIONS_OBSERVED	1	2094500	SC
2094503	5.889 sec	CfgRd0	000:00.0	2	COMPLETIONS_OBSERVED	1	2094505	SC
2094508	5.889 sec	CfgRd0	000:00.0	8	COMPLETIONS_OBSERVED	1	2094510	SC
2094514	5.889 sec	CfgRd0	000:00.0	14	COMPLETIONS_OBSERVED	1	2094516	SC
2094519	5.889 sec	CfgRd0	000:00.0	0	COMPLETIONS_OBSERVED	1	2094521	SC
2095288	5.894 sec	CfgRd0	000:00.0	5	COMPLETIONS_OBSERVED	1	2095290	SC
2095293	5.894 sec	CfgRd0	000:00.0	11	COMPLETIONS_OBSERVED	1	2095295	SC
2095298	5.894 sec	CfgRd0	000:00.0	1	COMPLETIONS_OBSERVED	1	2095300	SC
2095304	5.894 sec	CfgRd0	000:00.0	7	COMPLETIONS_OBSERVED	1	2095306	SC
2095309	5.894 sec	CfgRd0	000:00.0	13	COMPLETIONS_OBSERVED	1	2095311	SC
2095314	5.894 sec	CfgRd0	000:00.0	3	COMPLETIONS_OBSERVED	1	2095316	SC
2095321	5.894 sec	CfgRd0	000:00.0	9	COMPLETIONS_OBSERVED	1	2095323	SC
2095326	5.894 sec	CfgRd0	000:00.0	15	COMPLETIONS_OBSERVED	1	2095328	SC
2095332	5.894 sec	CfgRd0	000:00.0	0	COMPLETIONS_OBSERVED	1	2095334	SC
2095346	5.894 sec	CfgRd0	000:00.0	4	COMPLETIONS_OBSERVED	1	2095349	SC
2095352	5.894 sec	CfgRd0	000:00.0	10	COMPLETIONS_OBSERVED	1	2095354	SC
2095357	5.894 sec	CfgRd0	000:00.0	1	COMPLETIONS_OBSERVED	1	2095359	SC
2095362	5.894 sec	CfgRd0	000:00.0	6	COMPLETIONS_OBSERVED	1	2095364	SC
2095367	5.894 sec	CfgRd0	000:00.0	12	COMPLETIONS_OBSERVED	1	2095369	SC
2095372	5.894 sec	CfgRd0	000:00.0	2	COMPLETIONS_OBSERVED	1	2095374	SC
2095377	5.894 sec	CfgRd0	000:00.0	8	COMPLETIONS_OBSERVED	1	2095379	SC
2095382	5.894 sec	CfgRd0	000:00.0	14	COMPLETIONS_OBSERVED	1	2095386	SC
2095389	5.894 sec	CfgRd0	000:00.0	0	COMPLETIONS_OBSERVED	1	2095391	SC
2095394	5.894 sec	CfgRd0	000:00.0	5	COMPLETIONS_OBSERVED	1	2095396	SC
2095399	5.894 sec	CfgRd0	000:00.0	11	COMPLETIONS_OBSERVED	1	2095402	SC
2095405	5.894 sec	CfgRd0	000:00.0	1	COMPLETIONS_OBSERVED	1	2095407	SC
2095410	5.894 sec	CfgRd0	000:00.0	7	COMPLETIONS_OBSERVED	1	2095412	SC
2095415	5.894 sec	CfgRd0	000:00.0	13	COMPLETIONS_OBSERVED	1	2095417	SC
2095420	5.894 sec	CfgRd0	000:00.0	3	COMPLETIONS_OBSERVED	1	2095422	SC
2095425	5.894 sec	CfgRd0	000:00.0	9	COMPLETIONS_OBSERVED	1	2095427	SC
2095430	5.894 sec	CfgRd0	000:00.0	15	COMPLETIONS_OBSERVED	1	2095432	SC
2095435	5.894 sec	CfgRd0	000:00.0	0	COMPLETIONS_OBSERVED	1	2095437	SC
2095441	5.894 sec	CfgRd0	000:00.0	4	COMPLETIONS_OBSERVED	1	2095445	SC
2095448	5.894 sec	CfgRd0	000:00.0	10	COMPLETIONS_OBSERVED	1	2095450	SC
2095453	5.894 sec	CfgRd0	000:00.0	1	COMPLETIONS_OBSERVED	1	2095455	SC
2095458	5.894 sec	CfgRd0	000:00.0	6	COMPLETIONS_OBSERVED	1	2095460	SC
2095472	5.894 sec	CfgRd0	000:00.0	12	COMPLETIONS_OBSERVED	1	2095474	SC
2095477	5.894 sec	CfgRd0	000:00.0	2	COMPLETIONS_OBSERVED	1	2095479	SC
2095482	5.894 sec	CfgRd0	000:00.0	8	COMPLETIONS_OBSERVED	1	2095484	SC
2095487	5.894 sec	CfgRd0	000:00.0	14	COMPLETIONS_OBSERVED	1	2095489	SC
2095492	5.894 sec	CfgRd0	000:00.0	0	COMPLETIONS_OBSERVED	1	2095494	SC
2095498	5.894 sec	CfgRd0	000:00.0	5	COMPLETIONS_OBSERVED	1	2095500	SC
2095505	5.894 sec	CfgRd0	000:00.0	11	COMPLETIONS_OBSERVED	1	2095507	SC
2095510	5.894 sec	CfgRd0	000:00.0	1	COMPLETIONS_OBSERVED	1	2095512	SC
2095515	5.894 sec	CfgRd0	000:00.0	7	COMPLETIONS_OBSERVED	1	2095517	SC
2095520	5.894 sec	CfgRd0	000:00.0	13	COMPLETIONS_OBSERVED	1	2095522	SC
2095525	5.894 sec	CfgRd0	000:00.0	3	COMPLETIONS_OBSERVED	1	2095528	SC
2095531	5.894 sec	CfgRd0	000:00.0	9	COMPLETIONS_OBSERVED	1	2095533	SC
2095536	5.894 sec	CfgRd0	000:00.0	15	COMPLETIONS_OBSERVED	1	2095538	SC
2095541	5.894 sec	CfgRd0	000:00.0	0	COMPLETIONS_OBSERVED	1	2095543	SC
2095546	5.894 sec	CfgRd0	000:00.0	4	COMPLETIONS_OBSERVED	1	2095548	SC
2095551	5.894 sec	CfgRd0	000:00.0	10	COMPLETIONS_OBSERVED	1	2095553	SC
2095556	5.894 sec	CfgRd0	000:00.0	1	COMPLETIONS_OBSERVED	1	2095558	SC
2095563	5.894 sec	CfgRd0	000:00.0	6	COMPLETIONS_OBSERVED	1	2095565	SC
2095568	5.894 sec	CfgRd0	000:00.0	12	COMPLETIONS_OBSERVED	1	2095570	SC
2095573	5.894 sec	CfgRd0	000:00.0	2	COMPLETIONS_OBSERVED	1	2095575	SC
2095578	5.894 sec	CfgRd0	000:00.0	8	COMPLETIONS_OBSERVED	1	2095580	SC
2095583	5.894 sec	CfgRd0	000:00.0	14	COMPLETIONS_OBSERVED	1	2095585	SC
2095589	5.894 sec	CfgRd0	000:00.0	0	COMPLETIONS_OBSERVED	1	2095591	SC
2095594	5.894 sec	CfgRd0	000:00.0	5	COMPLETIONS_OBSERVED	1	2095596	SC
2095599	5.894 sec	CfgRd0	000:00.0	11	COMPLETIONS_OBSERVED	1	2095601	SC
2095613	5.894 sec	CfgRd0	000:00.0	1	COMPLETIONS_OBSERVED	1	2095615	SC
2095618	5.894 sec	CfgRd0	000:00.0	7	COMPLETIONS_OBSERVED	1	2095620	SC
2095623	5.894 sec	CfgRd0	000:00.0	13	COMPLETIONS_OBSERVED	1	2095625	SC
2095628	5.894 sec	CfgRd0	000:00.0	3	COMPLETIONS_OBSERVED	1	2095632	SC
2095635	5.894 sec	CfgRd0	000:00.0	9	COMPLETIONS_OBSERVED	1	2095637	SC
2095641	5.894 sec	CfgRd0	000:00.0	15	COMPLETIONS_OBSERVED	1	2095643	SC
2095646	5.894 sec	CfgRd0	000:00.0	0	COMPLETIONS_OBSERVED	1	2095648	SC
2095651	5.894 sec	CfgRd0	000:00.0	4	COMPLETIONS_OBSERVED	1	2095653	SC
2095656	5.894 sec	CfgRd0	000:00.0	10	COMPLETIONS_OBSERVED	1	2095658	SC
2095661	5.894 sec	CfgRd0	000:00.0	1	COMPLETIONS_OBSERVED	1	2095663	SC
2095667	5.894 sec	CfgRd0	000:00.0	6	COMPLETIONS_OBSERVED	1	2095671	SC
2095674	5.894 sec	CfgRd0	000:00.0	12	COMPLETIONS_OBSERVED	1	2095676	SC
2095679	5.894 sec	CfgRd0	000:00.0	2	COMPLETIONS_OBSERVED	1	2095681	SC
2095684	5.894 sec	CfgRd0	000:00.0	8	COMPLETIONS_OBSERVED	1	2095686	SC
2095689	5.894 sec	CfgRd0	000:00.0	14	COMPLETIONS_OBSERVED	1	2095691	SC
2095694	5.894 sec	CfgRd0	000:00.0	0	COMPLETIONS_OBSERVED	1	2095696	SC
2095700	5.894 sec	CfgRd0	000:00.0	5	COMPLETIONS_OBSERVED	1	2095702	SC
2095707	5.895 sec	CfgRd0	000:00.0	11	COMPLETIONS_OBSERVED	1	2095709	SC
2095712	5.895 sec	CfgRd0	000:00.0	1	COMPLETIONS_OBSERVED	1	2095714	SC
2095717	5.895 sec	CfgRd0	000:00.0	7	COMPLETIONS_OBSERVED	1	2095719	SC
2095722	5.895 sec	CfgRd0	000:00.0	13	COMPLETIONS_OBSERVED	1	2095724	SC
2095727	5.895 sec	CfgRd0	000:00.0	3	COMPLETIONS_OBSERVED	1	2095729	SC
2095732	5.895 sec	CfgRd0	000:00.0	9	COMPLETIONS_OBSERVED	1	2095734	SC
2095737	5.895 sec	CfgRd0	000:00.0	15	COMPLETIONS_OBSERVED	1	2095740	SC
2095743	5.895 sec	CfgRd0	000:00.0	0	COMPLETIONS_OBSERVED	1	2095745	SC
2095748	5.895 sec	CfgRd0	000:00.0	4	COMPLETIONS_OBSERVED	1	2095750	SC
2095753	5.895 sec	CfgRd0	000:00.0	10	COMPLETIONS_OBSERVED	1	2095755	SC
2095758	5.895 sec	CfgRd0	000:00.0	1	COMPLETIONS_OBSERVED	1	2095760	SC
2095763	5.895 sec	CfgWr0	000:00.0	6	COMPLETIONS_OBSERVED	1	2095765	SC
2095770	5.895 sec	CfgWr0	000:00.0	12	COMPLETIONS_OBSERVED	1	2095772	SC
2095775	5.895 sec	CfgWr0	000:00.0	2	COMPLETIONS_OBSERVED	1	2095778	SC
2095781	5.895 sec	CfgWr0	000:00.0	8	COMPLETIONS_OBSERVED	1	2095783	SC
2095786	5.895 sec	CfgWr0	000:00.0	14	COMPLETIONS_OBSERVED	1	2095788	SC
2095791	5.895 sec	CfgWr0	000:00.0	0	COMPLETIONS_OBSERVED	1	2095793	SC
2095796	5.895 sec	CfgRd0	000:00.0	5	COMPLETIONS_OBSERVED	1	2095798	SC
2095801	5.895 sec	CfgRd0	000:00.0	11	COMPLETIONS_OBSERVED	1	2095803	SC
2095806	5.895 sec	CfgRd0	000:00.0	1	COMPLETIONS_OBSERVED	1	2095808	SC
2095811	5.895 sec	CfgRd0	000:00.0	7	COMPLETIONS_OBSERVED	1	2095814	SC
2095817	5.895 sec	CfgRd0	000:00.0	13	COMPLETIONS_OBSERVED	1	2095821	SC
2095824	5.895 sec	CfgRd0	000:00.0	3	COMPLETIONS_OBSERVED	1	2095826	SC
2095829	5.895 sec	CfgRd0	000:00.0	9	COMPLETIONS_OBSERVED	1	2095831	SC
2095834	5.895 sec	CfgRd0	000:00.0	15	COMPLETIONS_OBSERVED	1	2095836	SC
2095839	5.895 sec	CfgRd0	000:00.0	0	COMPLETIONS_OBSERVED	1	2095841	SC
2095844	5.895 sec	CfgRd0	000:00.0	4	COMPLETIONS_OBSERVED	1	2095846	SC
2095849	5.895 sec	CfgRd0	000:00.0	10	COMPLETIONS_OBSERVED	1	2095851	SC
2095854	5.895 sec	CfgWr0	000:00.0	1	COMPLETIONS_OBSERVED	1	2095856	SC
2095859	5.895 sec	CfgRd0	000:00.0	6	COMPLETIONS_OBSERVED	1	2095862	SC
2095865	5.895 sec	CfgRd0	000:00.0	12	COMPLETIONS_OBSERVED	1	2095867	SC
2095870	5.895 sec	CfgRd0	000:00.0	2	COMPLETIONS_OBSERVED	1	2095874	SC
2095877	5.895 sec	CfgRd0	000:00.0	8	COMPLETIONS_OBSERVED	1	2095879	SC
2095882	5.895 sec	CfgRd0	000:00.0	14	COMPLETIONS_OBSERVED	1	2095884	SC
2095887	5.895 sec	CfgRd0	000:00.0	0	COMPLETIONS_OBSERVED	1	2095889	SC
2095892	5.895 sec	CfgRd0	000:00.0	5	COMPLETIONS_OBSERVED	1	2095894	SC
2095897	5.895 sec	CfgRd0	000:00.0	11	COMPLETIONS_OBSERVED	1	2095899	SC
2095902	5.895 sec	CfgRd0	000:00.0	1	COMPLETIONS_OBSERVED	1	2095905	SC
2095908	5.895 sec	CfgRd0	000:00.0	7	COMPLETIONS_OBSERVED	1	2095910	SC
2095913	5.895 sec	CfgRd0	000:00.0	13	COMPLETIONS_OBSERVED	1	2095915	SC
2095918	5.895 sec	CfgRd0	000:00.0	3	COMPLETIONS_OBSERVED	1	2095920	SC
2095923	5.895 sec	CfgRd0	000:00.0	9	COMPLETIONS_OBSERVED	1	2095925	SC
2095928	5.895 sec	CfgRd0	000:00.0	15	COMPLETIONS_OBSERVED	1	2095930	SC
2095933	5.895 sec	CfgRd0	000:00.0	0	COMPLETIONS_OBSERVED	1	2095935	SC
2095940	5.895 sec	CfgRd0	000:00.0	4	COMPLETIONS_OBSERVED	1	2095942	SC
2095947	5.895 sec	CfgRd0	000:00.0	10	COMPLETIONS_OBSERVED	1	2095949	SC
2095952	5.895 sec	CfgWr0	000:00.0	1	COMPLETIONS_OBSERVED	1	2095954	SC
2095957	5.895 sec	CfgRd0	000:00.0	6	COMPLETIONS_OBSERVED	1	2095959	SC
2095962	5.895 sec	CfgRd0	000:00.0	12	COMPLETIONS_OBSERVED	1	2095964	SC
2095967	5.895 sec	CfgRd0	000:00.0	2	COMPLETIONS_OBSERVED	1	2095969	SC
2095972	5.895 sec	CfgRd0	000:00.0	8	COMPLETIONS_OBSERVED	1	2095974	SC
2095977	5.895 sec	CfgRd0	000:00.0	14	COMPLETIONS_OBSERVED	1	2095979	SC
2095982	5.895 sec	CfgRd0	000:00.0	0	COMPLETIONS_OBSERVED	1	2095985	SC
2095988	5.895 sec	CfgWr0	000:00.0	5	COMPLETIONS_OBSERVED	1	2095992	SC
2095995	5.895 sec	CfgWr0	000:00.0	11	COMPLETIONS_OBSERVED	1	2095997	SC
2096000	5.895 sec	CfgWr0	000:00.0	1	COMPLETIONS_OBSERVED	1	2096002	SC
2096005	5.895 sec	CfgWr0	000:00.0	7	COMPLETIONS_OBSERVED	1	2096007	SC
2096010	5.895 sec	CfgWr0	000:00.0	13	COMPLETIONS_OBSERVED	1	2096012	SC
2096015	5.895 sec	CfgWr0	000:00.0	3	COMPLETIONS_OBSERVED	1	2096017	SC
2096020	5.895 sec	CfgRd0	000:00.0	9	COMPLETIONS_OBSERVED	1	2096022	SC
2096025	5.895 sec	CfgRd0	000:00.0	15	COMPLETIONS_OBSERVED	1	2096027	SC
2096030	5.895 sec	CfgRd0	000:00.0	0	COMPLETIONS_OBSERVED	1	2096033	SC
2096036	5.895 sec	CfgRd0	000:00.0	4	COMPLETIONS_OBSERVED	1	2096038	SC
2096041	5.895 sec	CfgRd0	000:00.0	10	COMPLETIONS_OBSERVED	1	2096043	SC
2096046	5.895 sec	CfgRd0	000:00.0	1	COMPLETIONS_OBSERVED	1	2096048	SC
2096051	5.895 sec	CfgWr0	000:00.0	6	COMPLETIONS_OBSERVED	1	2096053	SC
2096056	5.895 sec	CfgWr0	000:00.0	12	COMPLETIONS_OBSERVED	1	2096059	SC
2096063	5.895 sec	CfgWr0	000:00.0	2	COMPLETIONS_OBSERVED	1	2096065	SC
2096068	5.895 sec	CfgWr0	000:00.0	8	COMPLETIONS_OBSERVED	1	2096070	SC
2096073	5.895 sec	CfgWr0	000:00.0	14	COMPLETIONS_OBSERVED	1	2096075	SC
2096078	5.895 sec	CfgWr0	000:00.0	0	COMPLETIONS_OBSERVED	1	2096080	SC
2096084	5.895 sec	CfgRd0	000:00.0	5	COMPLETIONS_OBSERVED	1	2096086	SC
2096089	5.895 sec	CfgWr0	000:00.0	11	COMPLETIONS_OBSERVED	1	2096091	SC
2096094	5.895 sec	CfgRd0	000:00.0	1	COMPLETIONS_OBSERVED	1	2096096	SC
2096099	5.895 sec	CfgWr0	000:00.0	7	COMPLETIONS_OBSERVED	1	2096101	SC
2096107	5.895 sec	CfgWr0	000:00.0	13	COMPLETIONS_OBSERVED	1	2096109	SC
2096112	5.895 sec	CfgRd0	000:00.0	3	COMPLETIONS_OBSERVED	1	2096114	SC
2096117	5.895 sec	CfgRd0	000:00.0	9	COMPLETIONS_OBSERVED	1	2096119	SC
2096122	5.895 sec	CfgWr0	000:00.0	15	COMPLETIONS_OBSERVED	1	2096124	SC
2096128	5.895 sec	CfgRd0	000:00.0	0	COMPLETIONS_OBSERVED	1	2096130	SC
2096135	5.895 sec	CfgRd0	000:00.0	4	COMPLETIONS_OBSERVED	1	2096137	SC
2096140	5.895 sec	CfgRd0	000:00.0	10	COMPLETIONS_OBSERVED	1	2096142	SC
2096145	5.895 sec	CfgRd0	000:00.0	1	COMPLETIONS_OBSERVED	1	2096147	SC
2096150	5.895 sec	CfgRd0	000:00.0	6	COMPLETIONS_OBSERVED	1	2096152	SC
2096155	5.895 sec	CfgRd0	000:00.0	12	COMPLETIONS_OBSERVED	1	2096157	SC
2096160	5.895 sec	CfgRd0	000:00.0	2	COMPLETIONS_OBSERVED	1	2096162	SC
2096166	5.895 sec	CfgRd0	000:00.0	8	COMPLETIONS_OBSERVED	1	2096168	SC
2096171	5.895 sec	CfgRd0	000:00.0	14	COMPLETIONS_OBSERVED	1	2096173	SC
2096189	5.895 sec	CfgWr0	000:00.0	0	COMPLETIONS_OBSERVED	1	2096191	SC
2096194	5.895 sec	CfgWr0	000:00.0	5	COMPLETIONS_OBSERVED	1	2096196	SC
2096199	5.895 sec	CfgWr0	000:00.0	11	COMPLETIONS_OBSERVED	1	2096201	SC
2096664	5.895 sec	CfgWr0	000:00.0	1	COMPLETIONS_OBSERVED	1	2096667	SC
2096671	5.895 sec	CfgWr0	000:00.0	7	COMPLETIONS_OBSERVED	1	2096673	SC
2096798	5.896 sec	CfgRd0	000:00.0	13	COMPLETIONS_OBSERVED	1	2096800	SC
2096806	5.896 sec	CfgRd0	000:00.0	3	COMPLETIONS_OBSERVED	1	2096808	SC
2096811	5.896 sec	CfgRd0	000:00.0	9	COMPLETIONS_OBSERVED	1	2096813	SC
2096816	5.896 sec	CfgRd0	000:00.0	15	COMPLETIONS_OBSERVED	1	2096818	SC
2096821	5.896 sec	CfgRd0	000:00.0	0	COMPLETIONS_OBSERVED	1	2096823	SC
2096827	5.896 sec	CfgRd0	000:00.0	4	COMPLETIONS_OBSERVED	1	2096829	SC
2096832	5.896 sec	CfgRd0	000:00.0	10	COMPLETIONS_OBSERVED	1	2096834	SC
2096839	5.896 sec	CfgRd0	000:00.0	1	COMPLETIONS_OBSERVED	1	2096841	SC
2096844	5.896 sec	CfgRd0	000:00.0	6	COMPLETIONS_OBSERVED	1	2096846	SC
2096850	5.896 sec	CfgRd0	000:00.0	12	COMPLETIONS_OBSERVED	1	2096852	SC
2096855	5.896 sec	CfgRd0	000:00.0	2	COMPLETIONS_OBSERVED	1	2096857	SC
2096860	5.896 sec	CfgRd0	000:00.0	8	COMPLETIONS_OBSERVED	1	2096862	SC
2096865	5.896 sec	CfgRd0	000:00.0	14	COMPLETIONS_OBSERVED	1	2096867	SC
2096870	5.896 sec	CfgRd0	000:00.0	0	COMPLETIONS_OBSERVED	1	2096872	SC
2096875	5.896 sec	CfgRd0	000:00.0	5	COMPLETIONS_OBSERVED	1	2096877	SC
2096880	5.896 sec	CfgRd0	000:00.0	11	COMPLETIONS_OBSERVED	1	2096882	SC
2096888	5.896 sec	CfgRd0	000:00.0	1	COMPLETIONS_OBSERVED	1	2096890	SC
2096893	5.896 sec	CfgRd0	000:00.0	7	COMPLETIONS_OBSERVED	1	2096895	SC
2096998	5.897 sec	CfgRd0	000:00.0	13	COMPLETIONS_OBSERVED	1	2097000	SC
2097003	5.897 sec	CfgRd0	000:00.0	3	COMPLETIONS_OBSERVED	1	2097005	SC
2100777	5.923 sec	CfgRd0	000:00.0	9	COMPLETIONS_OBSERVED	1	2100779	SC
2100782	5.923 sec	CfgRd0	000:00.0	15	COMPLETIONS_OBSERVED	1	2100784	SC
2100787	5.923 sec	CfgRd0	000:00.0	0	COMPLETIONS_OBSERVED	1	2100789	SC
2100792	5.923 sec	CfgRd0	000:00.0	4	COMPLETIONS_OBSERVED	1	2100794	SC
2100797	5.923 sec	CfgRd0	000:00.0	10	COMPLETIONS_OBSERVED	1	2100799	SC
2100802	5.923 sec	CfgRd0	000:00.0	1	COMPLETIONS_OBSERVED	1	2100804	SC
2100807	5.923 sec	CfgRd0	000:00.0	6	COMPLETIONS_OBSERVED	1	2100809	SC
2100812	5.923 sec	CfgRd0	000:00.0	12	COMPLETIONS_OBSERVED	1	2100814	SC
2100817	5.923 sec	CfgRd0	000:00.0	2	COMPLETIONS_OBSERVED	1	2100819	SC
2100822	5.923 sec	CfgRd0	000:00.0	8	COMPLETIONS_OBSERVED	1	2100824	SC
2100827	5.923 sec	CfgRd0	000:00.0	14	COMPLETIONS_OBSERVED	1	2100830	SC
2100833	5.923 sec	CfgRd0	000:00.0	0	COMPLETIONS_OBSERVED	1	2100835	SC
2100840	5.923 sec	CfgRd0	000:00.0	5	COMPLETIONS_OBSERVED	1	2100842	SC
2100845	5.923 sec	CfgRd0	000:00.0	11	COMPLETIONS_OBSERVED	1	2100847	SC
2100850	5.923 sec	CfgRd0	000:00.0	1	COMPLETIONS_OBSERVED	1	2100852	SC
2100855	5.923 sec	CfgRd0	000:00.0	7	COMPLETIONS_OBSERVED	1	2100857	SC
2100972	5.924 sec	CfgWr0	000:00.0	13	COMPLETIONS_OBSERVED	1	2100975	SC
2101216	5.925 sec	CfgRd0	000:00.0	3	COMPLETIONS_OBSERVED	1	2101218	SC
2101228	5.925 sec	CfgRd0	000:00.0	9	COMPLETIONS_OBSERVED	1	2101230	SC
2101234	5.925 sec	CfgRd0	000:00.0	15	COMPLETIONS_OBSERVED	1	2101237	SC
2101242	5.925 sec	CfgRd0	000:00.0	0	COMPLETIONS_OBSERVED	1	2101244	SC
2101248	5.925 sec	CfgRd0	000:00.0	4	COMPLETIONS_OBSERVED	1	2101250	SC
2101260	5.925 sec	CfgRd0	000:00.0	10	COMPLETIONS_OBSERVED	1	2101262	SC
2101266	5.925 sec	CfgRd0	000:00.0	1	COMPLETIONS_OBSERVED	1	2101270	SC
2101274	5.925 sec	CfgRd0	000:00.0	6	COMPLETIONS_OBSERVED	1	2101276	SC
2101283	5.925 sec	CfgRd0	000:00.0	12	COMPLETIONS_OBSERVED	1	2101286	SC
2101291	5.925 sec	CfgRd0	000:00.0	2	COMPLETIONS_OBSERVED	1	2101293	SC
2101296	5.925 sec	CfgRd0	000:00.0	8	COMPLETIONS_OBSERVED	1	2101298	SC
2101306	5.925 sec	CfgWr0	000:00.0	14	COMPLETIONS_OBSERVED	1	2101308	SC
2106169	5.959 sec	CfgRd0	000:00.0	0	COMPLETIONS_OBSERVED	1	2106172	SC
2106193	5.959 sec	CfgRd0	000:00.0	5	COMPLETIONS_OBSERVED	1	2106197	SC
2106200	5.959 sec	CfgRd0	000:00.0	11	COMPLETIONS_OBSERVED	1	2106202	SC
2106210	5.959 sec	CfgRd0	000:00.0	1	COMPLETIONS_OBSERVED	1	2106212	SC
2106216	5.959 sec	CfgWr0	000:00.0	7	COMPLETIONS_OBSERVED	1	2106218	SC
2106225	5.959 sec	CfgWr0	000:00.0	13	COMPLETIONS_OBSERVED	1	2106233	SC
2106226	5.959 sec	CfgWr0	000:00.0	3	COMPLETIONS_OBSERVED	1	2106235	SC
2106227	5.959 sec	CfgWr0	000:00.0	9	COMPLETIONS_OBSERVED	1	2106240	SC
2106228	5.959 sec	CfgWr0	000:00.0	15	COMPLETIONS_OBSERVED	1	2106242	SC
2106236	5.959 sec	CfgWr0	000:00.0	0	COMPLETIONS_OBSERVED	1	2106245	SC
2106250	5.959 sec	CfgWr0	000:00.0	4	COMPLETIONS_OBSERVED	1	2106252	SC
2106256	5.959 sec	CfgWr0	000:00.0	10	COMPLETIONS_OBSERVED	1	2106258	SC
2106266	5.959 sec	CfgWr0	000:00.0	1	COMPLETIONS_OBSERVED	1	2106268	SC
2106275	5.960 sec	CfgWr0	000:00.0	6	COMPLETIONS_OBSERVED	1	2106277	SC
2106284	5.960 sec	CfgWr0	000:00.0	12	COMPLETIONS_OBSERVED	1	2106286	SC
2106296	5.960 sec	CfgWr0	000:00.0	2	COMPLETIONS_OBSERVED	1	2106298	SC
2106302	5.960 sec	CfgWr0	000:00.0	8	COMPLETIONS_OBSERVED	1	2106304	SC
2106314	5.960 sec	CfgWr0	000:00.0	14	COMPLETIONS_OBSERVED	1	2106316	SC
2106323	5.960 sec	CfgWr0	000:00.0	0	COMPLETIONS_OBSERVED	1	2106325	SC
2106329	5.960 sec	CfgWr0	000:00.0	5	COMPLETIONS_OBSERVED	1	2106331	SC
2106338	5.960 sec	CfgRd0	000:00.0	11	COMPLETIONS_OBSERVED	1	2106340	SC
2106348	5.960 sec	CfgWr0	000:00.0	1	COMPLETIONS_OBSERVED	1	2106350	SC
2106356	5.960 sec	CfgWr0	000:00.0	7	COMPLETIONS_OBSERVED	1	2106358	SC
2106381	5.960 sec	CfgRd0	000:00.0	13	COMPLETIONS_OBSERVED	1	2106383	SC
2106388	5.960 sec	CfgWr0	000:00.0	3	COMPLETIONS_OBSERVED	1	2106391	SC
2106398	5.960 sec	CfgWr0	000:00.0	9	COMPLETIONS_OBSERVED	1	2106400	SC
2106407	5.960 sec	CfgRd0	000:00.0	15	COMPLETIONS_OBSERVED	1	2106409	SC
2106417	5.960 sec	CfgWr0	000:00.0	0	COMPLETIONS_OBSERVED	1	2106420	SC
2106427	5.960 sec	CfgRd0	000:00.0	4	COMPLETIONS_OBSERVED	1	2106429	SC
2106433	5.960 sec	CfgWr0	000:00.0	10	COMPLETIONS_OBSERVED	1	2106437	SC
2106440	5.960 sec	CfgWr0	000:00.0	1	COMPLETIONS_OBSERVED	1	2106442	SC
2106447	5.960 sec	CfgWr0	000:00.0	6	COMPLETIONS_OBSERVED	1	2106451	SC
2106456	5.960 sec	CfgWr0	000:00.0	12	COMPLETIONS_OBSERVED	1	2106458	SC
2106464	5.960 sec	CfgWr0	000:00.0	2	COMPLETIONS_OBSERVED	1	2106466	SC
2106474	5.960 sec	CfgWr0	000:00.0	8	COMPLETIONS_OBSERVED	1	2106476	SC
2106486	5.960 sec	CfgWr0	000:00.0	14	COMPLETIONS_OBSERVED	1	2106488	SC
2106513	5.960 sec	CfgRd0	000:00.0	0	COMPLETIONS_OBSERVED	1	2106515	SC
2106520	5.960 sec	CfgRd0	000:00.0	5	COMPLETIONS_OBSERVED	1	2106522	SC
2106528	5.960 sec	CfgRd0	000:00.0	11	COMPLETIONS_OBSERVED	1	2106531	SC
2106538	5.961 sec	CfgRd0	000:00.0	1	COMPLETIONS_OBSERVED	1	2106541	SC
2106544	5.961 sec	CfgRd0	000:00.0	7	COMPLETIONS_OBSERVED	1	2106546	SC
2106554	5.961 sec	CfgRd0	000:00.0	13	COMPLETIONS_OBSERVED	1	2106556	SC
2106563	5.961 sec	CfgRd0	000:00.0	3	COMPLETIONS_OBSERVED	1	2106565	SC
2106571	5.961 sec	CfgRd0	000:00.0	9	COMPLETIONS_OBSERVED	1	2106573	SC
2106576	5.961 sec	CfgRd0	000:00.0	15	COMPLETIONS_OBSERVED	1	2106578	SC
2106582	5.961 sec	CfgRd0	000:00.0	0	COMPLETIONS_OBSERVED	1	2106586	SC
2106591	5.961 sec	CfgRd0	000:00.0	4	COMPLETIONS_OBSERVED	1	2106593	SC
2106600	5.961 sec	CfgRd0	000:00.0	10	COMPLETIONS_OBSERVED	1	2106602	SC
2106608	5.961 sec	CfgRd0	000:00.0	1	COMPLETIONS_OBSERVED	1	2106610	SC
2106617	5.961 sec	CfgRd0	000:00.0	6	COMPLETIONS_OBSERVED	1	2106619	SC
2106626	5.961 sec	CfgRd0	000:00.0	12	COMPLETIONS_OBSERVED	1	2106628	SC
2106631	5.961 sec	CfgRd0	000:00.0	2	COMPLETIONS_OBSERVED	1	2106634	SC
2106637	5.961 sec	CfgRd0	000:00.0	8	COMPLETIONS_OBSERVED	1	2106639	SC
2106646	5.961 sec	CfgRd0	000:00.0	14	COMPLETIONS_OBSERVED	1	2106648	SC
2106656	5.961 sec	CfgRd0	000:00.0	0	COMPLETIONS_OBSERVED	1	2106658	SC
2106661	5.961 sec	CfgRd0	000:00.0	5	COMPLETIONS_OBSERVED	1	2106663	SC
2106669	5.961 sec	CfgRd0	000:00.0	11	COMPLETIONS_OBSERVED	1	2106671	SC
2106678	5.961 sec	CfgRd0	000:00.0	1	COMPLETIONS_OBSERVED	1	2106680	SC
2106687	5.961 sec	CfgRd0	000:00.0	7	COMPLETIONS_OBSERVED	1	2106689	SC
2106692	5.961 sec	CfgRd0	000:00.0	13	COMPLETIONS_OBSERVED	1	2106694	SC
2106698	5.961 sec	CfgRd0	000:00.0	3	COMPLETIONS_OBSERVED	1	2106700	SC
2106707	5.961 sec	CfgRd0	000:00.0	9	COMPLETIONS_OBSERVED	1	2106709	SC
2106716	5.961 sec	CfgRd0	000:00.0	15	COMPLETIONS_OBSERVED	1	2106719	SC
2106722	5.961 sec	CfgRd0	000:00.0	0	COMPLETIONS_OBSERVED	1	2106724	SC
2106730	5.961 sec	CfgRd0	000:00.0	4	COMPLETIONS_OBSERVED	1	2106732	SC
2106739	5.961 sec	CfgRd0	000:00.0	10	COMPLETIONS_OBSERVED	1	2106741	SC
2106748	5.961 sec	CfgRd0	000:00.0	1	COMPLETIONS_OBSERVED	1	2106750	SC
2106753	5.961 sec	CfgRd0	000:00.0	6	COMPLETIONS_OBSERVED	1	2106755	SC
2106759	5.961 sec	CfgRd0	000:00.0	12	COMPLETIONS_OBSERVED	1	2106761	SC
2107539	5.967 sec	CfgRd0	000:00.0	2	COMPLETIONS_OBSERVED	1	2107541	SC
2107544	5.967 sec	CfgRd0	000:00.0	8	COMPLETIONS_OBSERVED	1	2107546	SC
2107556	5.967 sec	CfgRd0	000:00.0	14	COMPLETIONS_OBSERVED	1	2107558	SC
2107561	5.967 sec	MRd(32)	000:00.0	0	COMPLETIONS_OBSERVED	1	2107564	SC
2107566	5.967 sec	MRd(32)	000:00.0	5	COMPLETIONS_OBSERVED	1	2107569	SC
2107573	5.967 sec	MRd(32)	000:00.0	11	COMPLETIONS_OBSERVED	1	2107577	SC
2107584	5.967 sec	MRd(32)	000:00.0	1	COMPLETIONS_OBSERVED	1	2107588	SC
2108808	5.975 sec	MRd(32)	000:00.0	7	COMPLETIONS_OBSERVED	1	2108811	SC
2108816	5.975 sec	MRd(32)	000:00.0	13	COMPLETIONS_OBSERVED	1	2108819	SC
2111112	5.991 sec	MRd(32)	000:00.0	3	COMPLETIONS_OBSERVED	1	2111115	SC
2111117	5.991 sec	MRd(32)	000:00.0	9	COMPLETIONS_OBSERVED	1	2111120	SC
2111124	5.991 sec	MRd(32)	000:00.0	15	COMPLETIONS_OBSERVED	1	2111128	SC
2111132	5.991 sec	MRd(32)	000:00.0	0	COMPLETIONS_OBSERVED	1	2111136	SC
2111140	5.991 sec	MRd(32)	000:00.0	4	COMPLETIONS_OBSERVED	1	2111144	SC
2111146	5.991 sec	MRd(32)	000:00.0	10	COMPLETIONS_OBSERVED	1	2111149	SC
2111156	5.991 sec	MRd(32)	000:00.0	1	COMPLETIONS_OBSERVED	1	2111160	SC
2111162	5.991 sec	MRd(32)	000:00.0	6	COMPLETIONS_OBSERVED	1	2111165	SC
2111167	5.991 sec	MRd(32)	000:00.0	12	COMPLETIONS_OBSERVED	1	2111170	SC
2111172	5.991 sec	MRd(32)	000:00.0	2	COMPLETIONS_OBSERVED	1	2111175	SC
2111177	5.991 sec	MRd(32)	000:00.0	8	COMPLETIONS_OBSERVED	1	2111180	SC
2111182	5.991 sec	MRd(32)	000:00.0	14	COMPLETIONS_OBSERVED	1	2111185	SC
2111187	5.991 sec	MRd(32)	000:00.0	0	COMPLETIONS_OBSERVED	1	2111190	SC
2111192	5.991 sec	MRd(32)	000:00.0	5	COMPLETIONS_OBSERVED	1	2111197	SC
2111201	5.991 sec	MRd(32)	000:00.0	11	COMPLETIONS_OBSERVED	1	2111205	SC
2111212	5.991 sec	MRd(32)	000:00.0	1	COMPLETIONS_OBSERVED	1	2111216	SC
2113542	6.007 sec	MRd(32)	000:00.0	7	COMPLETIONS_OBSERVED	1	2113547	SC
2113551	6.007 sec	MRd(32)	000:00.0	13	COMPLETIONS_OBSERVED	1	2113555	SC
2115830	6.023 sec	MRd(32)	000:00.0	3	COMPLETIONS_OBSERVED	1	2115833	SC
2115835	6.023 sec	MRd(32)	000:00.0	9	COMPLETIONS_OBSERVED	1	2115838	SC
2115842	6.023 sec	MRd(32)	000:00.0	15	COMPLETIONS_OBSERVED	1	2115846	SC
2115850	6.023 sec	MRd(32)	000:00.0	0	COMPLETIONS_OBSERVED	1	2115854	SC
2115858	6.023 sec	MRd(32)	000:00.0	4	COMPLETIONS_OBSERVED	1	2115862	SC
2115864	6.023 sec	MRd(32)	000:00.0	10	COMPLETIONS_OBSERVED	1	2115867	SC
2115881	6.023 sec	MRd(32)	000:00.0	1	COMPLETIONS_OBSERVED	1	2115884	SC
2115891	6.023 sec	MRd(32)	000:00.0	6	COMPLETIONS_OBSERVED	1	2115895	SC
2115927	6.023 sec	MRd(32)	000:00.0	12	COMPLETIONS_OBSERVED	1	2115931	SC
2115940	6.023 sec	CfgRd0	000:00.0	2	COMPLETIONS_OBSERVED	1	2115942	SC
2115949	6.023 sec	CfgRd0	000:00.0	8	COMPLETIONS_OBSERVED	1	2115951	SC
2115957	6.023 sec	CfgRd0	000:00.0	14	COMPLETIONS_OBSERVED	1	2115959	SC
2115966	6.023 sec	CfgRd0	000:00.0	0	COMPLETIONS_OBSERVED	1	2115968	SC
2115976	6.023 sec	CfgRd0	000:00.0	5	COMPLETIONS_OBSERVED	1	2115978	SC
2115982	6.023 sec	CfgRd0	000:00.0	11	COMPLETIONS_OBSERVED	1	2115984	SC
2115991	6.023 sec	CfgRd0	000:00.0	1	COMPLETIONS_OBSERVED	1	2115993	SC
2116000	6.023 sec	CfgRd0	000:00.0	7	COMPLETIONS_OBSERVED	1	2116002	SC
2116005	6.023 sec	CfgRd0	000:00.0	13	COMPLETIONS_OBSERVED	1	2116007	SC
2116013	6.023 sec	CfgRd0	000:00.0	3	COMPLETIONS_OBSERVED	1	2116015	SC
2116022	6.023 sec	CfgRd0	000:00.0	9	COMPLETIONS_OBSERVED	1	2116024	SC
2116032	6.023 sec	CfgRd0	000:00.0	15	COMPLETIONS_OBSERVED	1	2116034	SC
2116038	6.023 sec	CfgRd0	000:00.0	0	COMPLETIONS_OBSERVED	1	2116040	SC
2116047	6.023 sec	CfgRd0	000:00.0	4	COMPLETIONS_OBSERVED	1	2116049	SC
2116058	6.023 sec	CfgRd0	000:00.0	10	COMPLETIONS_OBSERVED	1	2116061	SC
2116074	6.023 sec	CfgRd0	000:00.0	1	COMPLETIONS_OBSERVED	1	2116076	SC
2116079	6.023 sec	CfgRd0	000:00.0	6	COMPLETIONS_OBSERVED	1	2116081	SC
2116086	6.023 sec	MRd(32)	000:00.0	12	COMPLETIONS_OBSERVED	1	2116090	SC
2116098	6.024 sec	MRd(32)	000:00.0	2	COMPLETIONS_OBSERVED	1	2116101	SC
2116111	6.024 sec	CfgRd0	000:00.0	8	COMPLETIONS_OBSERVED	1	2116113	SC
2116283	6.025 sec	MRd(32)	000:00.0	14	COMPLETIONS_OBSERVED	1	2116286	SC
2116288	6.025 sec	MRd(32)	000:00.0	0	COMPLETIONS_OBSERVED	1	2116293	SC
2116297	6.025 sec	MRd(32)	000:00.0	5	COMPLETIONS_OBSERVED	1	2116301	SC
2116308	6.025 sec	MRd(32)	000:00.0	11	COMPLETIONS_OBSERVED	1	2116312	SC
2118334	6.039 sec	MRd(32)	000:00.0	1	COMPLETIONS_OBSERVED	1	2118337	SC
2118341	6.039 sec	MRd(32)	000:00.0	7	COMPLETIONS_OBSERVED	1	2118345	SC
2120710	6.055 sec	MRd(32)	000:00.0	13	COMPLETIONS_OBSERVED	1	2120713	SC
2120715	6.055 sec	MRd(32)	000:00.0	3	COMPLETIONS_OBSERVED	1	2120718	SC
2120724	6.055 sec	MRd(32)	000:00.0	9	COMPLETIONS_OBSERVED	1	2120728	SC
2120732	6.055 sec	MRd(32)	000:00.0	15	COMPLETIONS_OBSERVED	1	2120736	SC
2120740	6.055 sec	MRd(32)	000:00.0	0	COMPLETIONS_OBSERVED	1	2120744	SC
2120746	6.055 sec	MRd(32)	000:00.0	4	COMPLETIONS_OBSERVED	1	2120749	SC
2120762	6.055 sec	MRd(32)	000:00.0	10	COMPLETIONS_OBSERVED	1	2120766	SC
2120773	6.055 sec	MRd(32)	000:00.0	1	COMPLETIONS_OBSERVED	1	2120777	SC
2120779	6.055 sec	MRd(32)	000:00.0	6	COMPLETIONS_OBSERVED	1	2120782	SC
2120786	6.055 sec	MRd(32)	000:00.0	12	COMPLETIONS_OBSERVED	1	2120790	SC
2120794	6.055 sec	MRd(32)	000:00.0	2	COMPLETIONS_OBSERVED	1	2120798	SC
2120802	6.055 sec	MRd(32)	000:00.0	8	COMPLETIONS_OBSERVED	1	2120806	SC
2120810	6.055 sec	MRd(32)	000:00.0	14	COMPLETIONS_OBSERVED	1	2120814	SC
2120818	6.055 sec	MRd(32)	000:00.0	0	COMPLETIONS_OBSERVED	1	2120822	SC
2120828	6.055 sec	MRd(32)	000:00.0	5	COMPLETIONS_OBSERVED	1	2120832	SC
2120836	6.055 sec	MRd(32)	000:00.0	11	COMPLETIONS_OBSERVED	1	2120840	SC
2120844	6.055 sec	MRd(32)	000:00.0	1	COMPLETIONS_OBSERVED	1	2120848	SC
2120852	6.055 sec	MRd(32)	000:00.0	7	COMPLETIONS_OBSERVED	1	2120856	SC
2120860	6.055 sec	MRd(32)	000:00.0	13	COMPLETIONS_OBSERVED	1	2120864	SC
2120868	6.055 sec	MRd(32)	000:00.0	3	COMPLETIONS_OBSERVED	1	2120872	SC
2120874	6.055 sec	MRd(32)	000:00.0	9	COMPLETIONS_OBSERVED	1	2120877	SC
2120881	6.055 sec	MRd(32)	000:00.0	15	COMPLETIONS_OBSERVED	1	2120885	SC
2120887	6.055 sec	MRd(32)	000:00.0	0	COMPLETIONS_OBSERVED	1	2120890	SC
2120894	6.055 sec	MRd(32)	000:00.0	4	COMPLETIONS_OBSERVED	1	2120898	SC
2120904	6.055 sec	CfgRd0	000:00.0	10	COMPLETIONS_OBSERVED	1	2120906	SC
2120913	6.055 sec	CfgWr0	000:00.0	1	COMPLETIONS_OBSERVED	1	2120915	SC
2120918	6.055 sec	CfgRd0	000:00.0	6	COMPLETIONS_OBSERVED	1	2120920	SC
2120923	6.055 sec	CfgWr0	000:00.0	12	COMPLETIONS_OBSERVED	1	2120925	SC
2120929	6.055 sec	MRd(32)	000:00.0	2	COMPLETIONS_OBSERVED	1	2120932	SC
2120939	6.055 sec	MRd(32)	000:00.0	8	COMPLETIONS_OBSERVED	1	2120945	SC
2120955	6.055 sec	MRd(32)	000:00.0	14	COMPLETIONS_OBSERVED	1	2120959	SC
2120963	6.055 sec	MRd(32)	000:00.0	0	COMPLETIONS_OBSERVED	1	2120967	SC
2120974	6.055 sec	MRd(32)	000:00.0	5	COMPLETIONS_OBSERVED	1	2120978	SC
2120994	6.055 sec	MRd(32)	000:00.0	11	COMPLETIONS_OBSERVED	1	2121681	SC
2121688	6.055 sec	MRd(32)	000:00.0	1	COMPLETIONS_OBSERVED	1	2121692	SC
2121700	6.055 sec	MRd(32)	000:00.0	7	COMPLETIONS_OBSERVED	1	2121703	SC
