row	packet_index	time_display	event_family	channel	tlp_type_hex	link_width
1	3129	8.277 sec	TLP	Upstream	0xD	1
2	3148	8.277 sec	TLP	Downstream	0x9	1
3	3150	8.277 sec	TLP	Upstream	0x12	1
4	3153	8.277 sec	TLP	Downstream	0x9	1
5	3155	8.277 sec	TLP	Upstream	0x12	1
6	3207	8.277 sec	TLP	Downstream	0x9	1
7	3209	8.277 sec	TLP	Upstream	0x12	1
8	3214	8.277 sec	TLP	Downstream	0x9	1
9	3216	8.277 sec	TLP	Upstream	0x12	1
10	3219	8.277 sec	TLP	Downstream	0x9	1
11	3222	8.277 sec	TLP	Upstream	0x12	1
12	3225	8.277 sec	TLP	Downstream	0x9	1
13	3227	8.277 sec	TLP	Upstream	0x12	1
14	3230	8.277 sec	TLP	Downstream	0x9	1
15	3232	8.277 sec	TLP	Upstream	0x12	1
16	3235	8.277 sec	TLP	Downstream	0x9	1
17	3237	8.277 sec	TLP	Upstream	0x12	1
18	3240	8.277 sec	TLP	Downstream	0x9	1
19	3242	8.277 sec	TLP	Upstream	0x12	1
20	3246	8.277 sec	TLP	Downstream	0x9	1
21	3250	8.277 sec	TLP	Upstream	0x12	1
22	3253	8.277 sec	TLP	Downstream	0x9	1
23	3255	8.277 sec	TLP	Upstream	0x12	1
24	3258	8.277 sec	TLP	Downstream	0x9	1
25	3260	8.277 sec	TLP	Upstream	0x12	1
26	3263	8.277 sec	TLP	Downstream	0x9	1
27	3265	8.277 sec	TLP	Upstream	0x12	1
28	3268	8.277 sec	TLP	Downstream	0x9	1
29	3270	8.277 sec	TLP	Upstream	0x12	1
30	3274	8.277 sec	TLP	Downstream	0x9	1
31	3276	8.277 sec	TLP	Upstream	0x12	1
32	3279	8.277 sec	TLP	Downstream	0x9	1
33	3281	8.277 sec	TLP	Upstream	0x12	1
34	3286	8.277 sec	TLP	Downstream	0x9	1
35	3288	8.277 sec	TLP	Upstream	0x12	1
36	3291	8.277 sec	TLP	Downstream	0x9	1
37	3293	8.277 sec	TLP	Upstream	0x12	1
38	3296	8.277 sec	TLP	Downstream	0x9	1
39	3299	8.277 sec	TLP	Upstream	0x12	1
40	3302	8.277 sec	TLP	Downstream	0x9	1
41	3304	8.277 sec	TLP	Upstream	0x12	1
42	3307	8.277 sec	TLP	Downstream	0x9	1
43	3309	8.277 sec	TLP	Upstream	0x12	1
44	3312	8.277 sec	TLP	Downstream	0xA	1
45	3314	8.277 sec	TLP	Upstream	0x11	1
46	3320	8.277 sec	TLP	Downstream	0x9	1
47	3322	8.277 sec	TLP	Upstream	0x12	1
48	3325	8.277 sec	TLP	Downstream	0x9	1
49	3327	8.277 sec	TLP	Upstream	0x12	1
50	3330	8.277 sec	TLP	Downstream	0xA	1
51	3332	8.277 sec	TLP	Upstream	0x11	1
52	8594	8.314 sec	TLP	Downstream	0x9	1
53	8596	8.314 sec	TLP	Upstream	0x12	1
54	8599	8.314 sec	TLP	Downstream	0xA	1
55	8601	8.314 sec	TLP	Upstream	0x11	1
56	8604	8.314 sec	TLP	Downstream	0xA	1
57	8606	8.314 sec	TLP	Upstream	0x11	1
58	8609	8.314 sec	TLP	Downstream	0xA	1
59	8611	8.314 sec	TLP	Upstream	0x11	1
60	8614	8.314 sec	TLP	Downstream	0xA	1
61	8617	8.314 sec	TLP	Upstream	0x11	1
62	8620	8.314 sec	TLP	Downstream	0xA	1
63	8622	8.314 sec	TLP	Upstream	0x11	1
64	8625	8.314 sec	TLP	Downstream	0xA	1
65	8627	8.314 sec	TLP	Upstream	0x11	1
66	8630	8.314 sec	TLP	Downstream	0xA	1
67	8634	8.314 sec	TLP	Upstream	0x11	1
68	8637	8.314 sec	TLP	Downstream	0xA	1
69	8639	8.314 sec	TLP	Upstream	0x11	1
70	8642	8.314 sec	TLP	Downstream	0xA	1
71	8644	8.314 sec	TLP	Upstream	0x11	1
72	8648	8.314 sec	TLP	Downstream	0xA	1
73	8650	8.314 sec	TLP	Upstream	0x11	1
74	8653	8.314 sec	TLP	Downstream	0xA	1
75	8655	8.314 sec	TLP	Upstream	0x11	1
76	8658	8.314 sec	TLP	Downstream	0xA	1
77	8660	8.314 sec	TLP	Upstream	0x11	1
78	8665	8.314 sec	TLP	Downstream	0xA	1
79	8667	8.314 sec	TLP	Upstream	0x11	1
80	8671	8.314 sec	TLP	Downstream	0xA	1
81	8673	8.314 sec	TLP	Upstream	0x11	1
82	8676	8.314 sec	TLP	Downstream	0x9	1
83	8678	8.314 sec	TLP	Upstream	0x12	1
84	8681	8.314 sec	TLP	Downstream	0x9	1
85	8683	8.314 sec	TLP	Upstream	0x12	1
86	8686	8.314 sec	TLP	Downstream	0xA	1
87	8688	8.314 sec	TLP	Upstream	0x11	1
88	8691	8.314 sec	TLP	Downstream	0xA	1
89	8693	8.314 sec	TLP	Upstream	0x11	1
90	8696	8.314 sec	TLP	Downstream	0xA	1
91	8698	8.314 sec	TLP	Upstream	0x11	1
92	8702	8.314 sec	TLP	Downstream	0x9	1
93	8704	8.314 sec	TLP	Upstream	0x12	1
94	8709	8.314 sec	TLP	Downstream	0xA	1
95	8711	8.314 sec	TLP	Upstream	0x11	1
96	8714	8.314 sec	TLP	Downstream	0xA	1
97	8716	8.314 sec	TLP	Upstream	0x11	1
98	8719	8.314 sec	TLP	Downstream	0x9	1
99	8721	8.314 sec	TLP	Upstream	0x12	1
100	8725	8.314 sec	TLP	Downstream	0xA	1
101	8727	8.314 sec	TLP	Upstream	0x11	1
102	8730	8.314 sec	TLP	Downstream	0x9	1
103	8732	8.314 sec	TLP	Upstream	0x12	1
104	8737	8.314 sec	TLP	Downstream	0xA	1
105	8739	8.314 sec	TLP	Upstream	0x11	1
106	8742	8.314 sec	TLP	Downstream	0x9	1
107	8744	8.314 sec	TLP	Upstream	0x12	1
108	8748	8.314 sec	TLP	Downstream	0xA	1
109	8750	8.314 sec	TLP	Upstream	0x11	1
110	8753	8.314 sec	TLP	Downstream	0xA	1
111	8755	8.314 sec	TLP	Upstream	0x11	1
112	8758	8.314 sec	TLP	Downstream	0xA	1
113	8760	8.314 sec	TLP	Upstream	0x11	1
114	8763	8.314 sec	TLP	Downstream	0xA	1
115	8765	8.314 sec	TLP	Upstream	0x11	1
116	9915	8.314 sec	TLP	Downstream	0xA	1
117	9918	8.314 sec	TLP	Upstream	0x11	1
118	10354	8.314 sec	TLP	Downstream	0xA	1
119	10358	8.314 sec	TLP	Upstream	0x11	1
120	13807	8.317 sec	TLP	Upstream	0x12	1
121	13810	8.317 sec	TLP	Upstream	0x12	1
122	13815	8.317 sec	TLP	Upstream	0x12	1
123	13822	8.317 sec	TLP	Upstream	0x12	1
124	15518	8.331 sec	TLP	Upstream	0x12	1
125	15523	8.331 sec	TLP	Upstream	0x12	1
126	46820	8.346 sec	TLP	Downstream	0x1	1
127	46824	8.346 sec	TLP	Upstream	0x12	1
128	48563	8.347 sec	TLP	Upstream	0x12	1
129	51957	8.350 sec	TLP	Upstream	0x12	1
130	52245	8.350 sec	TLP	Upstream	0x12	1
131	52514	8.350 sec	TLP	Upstream	0x12	1
132	52525	8.350 sec	TLP	Upstream	0x12	1
133	52532	8.350 sec	TLP	Upstream	0x12	1
134	52535	8.350 sec	TLP	Upstream	0x12	1
135	52540	8.350 sec	TLP	Upstream	0x12	1
136	52545	8.350 sec	TLP	Upstream	0x12	1
137	52550	8.350 sec	TLP	Upstream	0x12	1
138	52555	8.350 sec	TLP	Upstream	0x12	1
139	52560	8.350 sec	TLP	Upstream	0x12	1
140	52565	8.350 sec	TLP	Upstream	0x12	1
141	52570	8.350 sec	TLP	Upstream	0x12	1
142	52575	8.350 sec	TLP	Upstream	0x12	1
143	52580	8.350 sec	TLP	Upstream	0x12	1
144	52585	8.350 sec	TLP	Upstream	0x12	1
145	52590	8.350 sec	TLP	Upstream	0x12	1
146	52593	8.350 sec	TLP	Upstream	0x12	1
147	52598	8.350 sec	TLP	Upstream	0x12	1
148	52601	8.350 sec	TLP	Upstream	0x12	1
149	52606	8.350 sec	TLP	Upstream	0x12	1
150	54285	8.351 sec	TLP	Upstream	0x12	1
151	54338	8.353 sec	TLP	Upstream	0x11	1
152	54621	8.353 sec	TLP	Upstream	0x12	1
153	54905	8.353 sec	TLP	Upstream	0x11	1
154	54909	8.353 sec	TLP	Upstream	0x12	1
155	54916	8.353 sec	TLP	Upstream	0x12	1
156	54925	8.353 sec	TLP	Upstream	0x12	1
157	54930	8.353 sec	TLP	Upstream	0x12	1
158	54937	8.353 sec	TLP	Upstream	0x12	1
159	54944	8.353 sec	TLP	Upstream	0x12	1
160	54949	8.353 sec	TLP	Upstream	0x12	1
161	54956	8.353 sec	TLP	Upstream	0x12	1
162	56648	8.354 sec	TLP	Upstream	0x12	1
163	56655	8.354 sec	TLP	Upstream	0x12	1
164	56660	8.354 sec	TLP	Upstream	0x12	1
165	56663	8.354 sec	TLP	Upstream	0x12	1
166	56676	8.354 sec	TLP	Upstream	0x12	1
167	56679	8.354 sec	TLP	Upstream	0x12	1
168	56684	8.354 sec	TLP	Upstream	0x12	1
169	56691	8.354 sec	TLP	Upstream	0x12	1
170	57728	8.361 sec	TLP	Downstream	0x1	1
171	57731	8.361 sec	TLP	Upstream	0x12	1
172	57733	8.361 sec	TLP	Downstream	0x3	1
173	57735	8.361 sec	TLP	Downstream	0x1	1
174	57739	8.361 sec	TLP	Upstream	0x12	1
175	57741	8.361 sec	TLP	Downstream	0x3	1
176	59962	8.376 sec	TLP	Downstream	0x1	1
177	59965	8.376 sec	TLP	Upstream	0x12	1
178	59967	8.376 sec	TLP	Downstream	0x1	1
179	59970	8.376 sec	TLP	Upstream	0x12	1
180	59974	8.376 sec	TLP	Downstream	0x3	1
181	59976	8.376 sec	TLP	Downstream	0x1	1
182	59980	8.376 sec	TLP	Upstream	0x12	1
183	59982	8.376 sec	TLP	Downstream	0x3	1
184	59984	8.376 sec	TLP	Downstream	0x1	1
185	59988	8.376 sec	TLP	Upstream	0x12	1
186	59990	8.376 sec	TLP	Downstream	0x3	1
187	59993	8.376 sec	TLP	Downstream	0x1	1
188	59996	8.376 sec	TLP	Upstream	0x12	1
189	59998	8.376 sec	TLP	Downstream	0x1	1
190	60001	8.376 sec	TLP	Upstream	0x12	1
191	60003	8.376 sec	TLP	Downstream	0x3	1
192	60005	8.376 sec	TLP	Downstream	0x3	1
193	60008	8.376 sec	TLP	Downstream	0x3	1
194	60011	8.376 sec	TLP	Downstream	0x3	1
195	60015	8.377 sec	TLP	Downstream	0x1	1
196	60018	8.377 sec	TLP	Upstream	0x12	1
197	60020	8.377 sec	TLP	Downstream	0x3	1
198	60022	8.377 sec	TLP	Downstream	0x3	1
199	60026	8.377 sec	TLP	Downstream	0x1	1
200	60029	8.377 sec	TLP	Upstream	0x12	1
201	60031	8.377 sec	TLP	Downstream	0x1	1
202	60034	8.377 sec	TLP	Upstream	0x12	1
203	60036	8.377 sec	TLP	Downstream	0x3	1
204	60038	8.377 sec	TLP	Downstream	0x1	1
205	60042	8.377 sec	TLP	Upstream	0x12	1
206	60044	8.377 sec	TLP	Downstream	0x3	1
207	60046	8.377 sec	TLP	Downstream	0x1	1
208	60050	8.377 sec	TLP	Upstream	0x12	1
209	60052	8.377 sec	TLP	Downstream	0x3	1
210	60054	8.377 sec	TLP	Downstream	0x3	1
211	60058	8.377 sec	TLP	Downstream	0x1	1
212	60061	8.377 sec	TLP	Upstream	0x12	1
213	60065	8.377 sec	TLP	Downstream	0x3	1
214	60067	8.377 sec	TLP	Downstream	0x1	1
215	60071	8.377 sec	TLP	Upstream	0x12	1
216	60073	8.377 sec	TLP	Downstream	0x3	1
217	60075	8.377 sec	TLP	Downstream	0x3	1
218	60078	8.377 sec	TLP	Downstream	0x1	1
219	60082	8.377 sec	TLP	Upstream	0x12	1
220	60084	8.377 sec	TLP	Downstream	0x3	1
221	60087	8.377 sec	TLP	Downstream	0x3	1
222	60089	8.377 sec	TLP	Downstream	0x1	1
223	60093	8.377 sec	TLP	Upstream	0x12	1
224	60095	8.377 sec	TLP	Downstream	0x3	1
225	60097	8.377 sec	TLP	Downstream	0x1	1
226	60101	8.377 sec	TLP	Upstream	0x12	1
227	60103	8.377 sec	TLP	Downstream	0x3	1
228	60105	8.377 sec	TLP	Downstream	0x3	1
229	60108	8.377 sec	TLP	Downstream	0x1	1
230	60112	8.377 sec	TLP	Upstream	0x12	1
231	60114	8.377 sec	TLP	Downstream	0x3	1
232	60116	8.377 sec	TLP	Downstream	0x1	1
233	60120	8.377 sec	TLP	Upstream	0x12	1
234	60122	8.377 sec	TLP	Downstream	0x3	1
235	60124	8.377 sec	TLP	Downstream	0x3	1
236	62370	8.392 sec	TLP	Downstream	0x3	1
237	62372	8.392 sec	TLP	Downstream	0x1	1
238	62376	8.392 sec	TLP	Upstream	0x12	1
239	62378	8.392 sec	TLP	Downstream	0x3	1
240	62380	8.392 sec	TLP	Downstream	0x3	1
241	62383	8.392 sec	TLP	Downstream	0x3	1
242	62386	8.392 sec	TLP	Downstream	0x3	1
243	64716	8.408 sec	TLP	Downstream	0x3	1
244	64719	8.408 sec	TLP	Downstream	0x1	1
245	64722	8.408 sec	TLP	Upstream	0x12	1
246	64724	8.408 sec	TLP	Downstream	0x3	1
247	64726	8.408 sec	TLP	Downstream	0x3	1
248	64729	8.408 sec	TLP	Downstream	0x3	1
249	67003	8.424 sec	TLP	Downstream	0x3	1
250	67006	8.424 sec	TLP	Downstream	0x1	1
251	67009	8.424 sec	TLP	Upstream	0x12	1
252	67011	8.424 sec	TLP	Downstream	0x3	1
253	67013	8.424 sec	TLP	Downstream	0x1	1
254	67017	8.424 sec	TLP	Upstream	0x12	1
255	67019	8.424 sec	TLP	Downstream	0x3	1
256	67021	8.424 sec	TLP	Downstream	0x3	1
257	67024	8.424 sec	TLP	Downstream	0x1	1
258	67028	8.424 sec	TLP	Upstream	0x12	1
259	67030	8.424 sec	TLP	Downstream	0x3	1
260	67032	8.424 sec	TLP	Downstream	0x1	1
261	67036	8.424 sec	TLP	Upstream	0x12	1
262	67038	8.424 sec	TLP	Downstream	0x3	1
263	71571	8.455 sec	TLP	Downstream	0x3	1
264	71574	8.455 sec	TLP	Downstream	0x3	1
265	71576	8.455 sec	TLP	Downstream	0x1	1
266	71580	8.455 sec	TLP	Upstream	0x12	1
267	71582	8.455 sec	TLP	Downstream	0x3	1
268	71584	8.455 sec	TLP	Downstream	0x1	1
269	71588	8.455 sec	TLP	Upstream	0x12	1
270	76092	8.487 sec	TLP	Downstream	0x3	1
271	78412	8.503 sec	TLP	Downstream	0x1	1
272	78415	8.503 sec	TLP	Upstream	0x12	1
273	82798	8.533 sec	TLP	Downstream	0x1	1
274	82801	8.533 sec	TLP	Upstream	0x12	1
275	84997	8.548 sec	TLP	Downstream	0x1	1
276	85000	8.548 sec	TLP	Upstream	0x12	1
277	87279	8.564 sec	TLP	Downstream	0x1	1
278	87282	8.564 sec	TLP	Upstream	0x12	1
279	89556	8.580 sec	TLP	Downstream	0x1	1
280	89559	8.580 sec	TLP	Upstream	0x12	1
281	91886	8.596 sec	TLP	Downstream	0x1	1
282	91889	8.596 sec	TLP	Upstream	0x12	1
283	91893	8.596 sec	TLP	Downstream	0x3	1
284	91896	8.596 sec	TLP	Downstream	0x3	1
285	91899	8.596 sec	TLP	Downstream	0x3	1
286	91902	8.596 sec	TLP	Downstream	0x1	1
287	91905	8.596 sec	TLP	Upstream	0x12	1
288	91907	8.596 sec	TLP	Downstream	0x1	1
289	91910	8.596 sec	TLP	Upstream	0x12	1
290	91912	8.596 sec	TLP	Downstream	0x3	1
291	91915	8.596 sec	TLP	Downstream	0x1	1
292	91918	8.596 sec	TLP	Upstream	0x12	1
293	91920	8.596 sec	TLP	Downstream	0x3	1
294	91922	8.596 sec	TLP	Downstream	0x1	1
295	91926	8.596 sec	TLP	Upstream	0x12	1
296	94192	8.612 sec	TLP	Downstream	0x1	1
297	94195	8.612 sec	TLP	Upstream	0x12	1
298	94197	8.612 sec	TLP	Downstream	0x3	1
299	94199	8.612 sec	TLP	Downstream	0x1	1
300	94203	8.612 sec	TLP	Upstream	0x12	1
301	94205	8.612 sec	TLP	Downstream	0x3	1
302	96432	8.627 sec	TLP	Downstream	0x1	1
303	96435	8.627 sec	TLP	Upstream	0x12	1
304	96437	8.627 sec	TLP	Downstream	0x1	1
305	96440	8.627 sec	TLP	Upstream	0x12	1
306	96442	8.627 sec	TLP	Downstream	0x3	1
307	96444	8.627 sec	TLP	Downstream	0x1	1
308	96448	8.627 sec	TLP	Upstream	0x12	1
309	96450	8.627 sec	TLP	Downstream	0x3	1
310	96454	8.627 sec	TLP	Downstream	0x1	1
311	96458	8.627 sec	TLP	Upstream	0x12	1
312	96460	8.627 sec	TLP	Downstream	0x3	1
313	96463	8.627 sec	TLP	Downstream	0x1	1
314	96466	8.627 sec	TLP	Upstream	0x12	1
315	96468	8.627 sec	TLP	Downstream	0x1	1
316	96471	8.627 sec	TLP	Upstream	0x12	1
317	96473	8.627 sec	TLP	Downstream	0x3	1
318	96476	8.627 sec	TLP	Downstream	0x3	1
319	96478	8.627 sec	TLP	Downstream	0x3	1
320	96481	8.627 sec	TLP	Downstream	0x3	1
321	96484	8.627 sec	TLP	Downstream	0x1	1
322	96488	8.627 sec	TLP	Upstream	0x12	1
323	96490	8.627 sec	TLP	Downstream	0x3	1
324	96492	8.627 sec	TLP	Downstream	0x3	1
325	96496	8.627 sec	TLP	Downstream	0x3	1
326	96499	8.627 sec	TLP	Downstream	0x3	1
327	96501	8.627 sec	TLP	Downstream	0x1	1
328	96505	8.627 sec	TLP	Upstream	0x12	1
329	96507	8.627 sec	TLP	Downstream	0x3	1
330	96509	8.627 sec	TLP	Downstream	0x1	1
331	96513	8.627 sec	TLP	Upstream	0x12	1
332	96515	8.627 sec	TLP	Downstream	0x3	1
333	96517	8.627 sec	TLP	Downstream	0x3	1
334	96520	8.627 sec	TLP	Downstream	0x1	1
335	96524	8.627 sec	TLP	Upstream	0x12	1
336	96526	8.627 sec	TLP	Downstream	0x3	1
337	96528	8.627 sec	TLP	Downstream	0x1	1
338	96532	8.627 sec	TLP	Upstream	0x12	1
339	96534	8.627 sec	TLP	Downstream	0x3	1
340	96536	8.627 sec	TLP	Downstream	0x3	1
341	96539	8.627 sec	TLP	Downstream	0x3	1
342	96542	8.627 sec	TLP	Downstream	0x3	1
343	126018	8.832 sec	TLP	Downstream	0x3	1
344	126023	8.832 sec	TLP	Downstream	0x1	1
345	126026	8.832 sec	TLP	Upstream	0x12	1
346	126028	8.832 sec	TLP	Downstream	0x3	1
347	126030	8.832 sec	TLP	Downstream	0x1	1
348	126034	8.832 sec	TLP	Upstream	0x12	1
349	126036	8.832 sec	TLP	Downstream	0x3	1
350	126038	8.832 sec	TLP	Downstream	0x3	1
351	126042	8.832 sec	TLP	Downstream	0x1	1
352	126045	8.832 sec	TLP	Upstream	0x12	1
353	126047	8.832 sec	TLP	Downstream	0x3	1
354	126049	8.832 sec	TLP	Downstream	0x1	1
355	126053	8.832 sec	TLP	Upstream	0x12	1
356	126055	8.832 sec	TLP	Downstream	0x3	1
357	126057	8.832 sec	TLP	Downstream	0x3	1
358	126060	8.832 sec	TLP	Downstream	0x1	1
359	126064	8.832 sec	TLP	Upstream	0x12	1
360	126066	8.832 sec	TLP	Downstream	0x3	1
361	126069	8.832 sec	TLP	Downstream	0x3	1
362	126071	8.832 sec	TLP	Downstream	0x1	1
363	126075	8.832 sec	TLP	Upstream	0x12	1
364	126077	8.832 sec	TLP	Downstream	0x3	1
365	126079	8.832 sec	TLP	Downstream	0x1	1
366	126083	8.832 sec	TLP	Upstream	0x12	1
367	126085	8.832 sec	TLP	Downstream	0x3	1
368	126087	8.832 sec	TLP	Downstream	0x3	1
369	126090	8.832 sec	TLP	Downstream	0x1	1
370	126094	8.832 sec	TLP	Upstream	0x12	1
371	126096	8.832 sec	TLP	Downstream	0x3	1
372	126098	8.832 sec	TLP	Downstream	0x1	1
373	126102	8.832 sec	TLP	Upstream	0x12	1
374	126104	8.832 sec	TLP	Downstream	0x3	1
375	126106	8.832 sec	TLP	Downstream	0x3	1
376	128398	8.848 sec	TLP	Downstream	0x3	1
377	128401	8.848 sec	TLP	Downstream	0x1	1
378	128404	8.848 sec	TLP	Upstream	0x12	1
379	128406	8.848 sec	TLP	Downstream	0x3	1
380	128410	8.848 sec	TLP	Downstream	0x3	1
381	128413	8.848 sec	TLP	Downstream	0x3	1
382	128416	8.848 sec	TLP	Downstream	0x3	1
383	130682	8.863 sec	TLP	Downstream	0x3	1
384	130685	8.863 sec	TLP	Downstream	0x1	1
385	130688	8.863 sec	TLP	Upstream	0x12	1
386	130690	8.863 sec	TLP	Downstream	0x3	1
387	130692	8.863 sec	TLP	Downstream	0x3	1
388	130695	8.863 sec	TLP	Downstream	0x3	1
389	132992	8.879 sec	TLP	Downstream	0x3	1
390	132995	8.879 sec	TLP	Downstream	0x1	1
391	132998	8.879 sec	TLP	Upstream	0x12	1
392	133000	8.879 sec	TLP	Downstream	0x3	1
393	133002	8.879 sec	TLP	Downstream	0x1	1
394	133006	8.879 sec	TLP	Upstream	0x12	1
395	133008	8.879 sec	TLP	Downstream	0x3	1
396	133010	8.879 sec	TLP	Downstream	0x3	1
397	133015	8.879 sec	TLP	Downstream	0x1	1
398	133019	8.879 sec	TLP	Upstream	0x12	1
399	133021	8.879 sec	TLP	Downstream	0x3	1
400	133023	8.879 sec	TLP	Downstream	0x1	1
401	133027	8.879 sec	TLP	Upstream	0x12	1
402	133029	8.879 sec	TLP	Downstream	0x3	1
403	137498	8.910 sec	TLP	Downstream	0x3	1
404	137501	8.910 sec	TLP	Downstream	0x3	1
405	137503	8.910 sec	TLP	Downstream	0x1	1
406	137507	8.910 sec	TLP	Upstream	0x12	1
407	137509	8.910 sec	TLP	Downstream	0x3	1
408	137511	8.910 sec	TLP	Downstream	0x1	1
409	137515	8.910 sec	TLP	Upstream	0x12	1
410	142057	8.942 sec	TLP	Downstream	0x3	1
411	144324	8.957 sec	TLP	Downstream	0x1	1
412	144327	8.957 sec	TLP	Upstream	0x12	1
413	148877	8.989 sec	TLP	Downstream	0x1	1
414	148880	8.989 sec	TLP	Upstream	0x12	1
415	151169	9.005 sec	TLP	Downstream	0x1	1
416	151172	9.005 sec	TLP	Upstream	0x12	1
417	153465	9.021 sec	TLP	Downstream	0x1	1
418	153468	9.021 sec	TLP	Upstream	0x12	1
419	155676	9.036 sec	TLP	Downstream	0x1	1
420	155679	9.036 sec	TLP	Upstream	0x12	1
421	157956	9.052 sec	TLP	Downstream	0x1	1
422	157959	9.052 sec	TLP	Upstream	0x12	1
423	157961	9.052 sec	TLP	Downstream	0x3	1
424	157964	9.052 sec	TLP	Downstream	0x3	1
425	157967	9.052 sec	TLP	Downstream	0x3	1
426	157970	9.052 sec	TLP	Downstream	0x1	1
427	157973	9.052 sec	TLP	Upstream	0x12	1
428	157975	9.052 sec	TLP	Downstream	0x1	1
429	157978	9.052 sec	TLP	Upstream	0x12	1
430	157980	9.052 sec	TLP	Downstream	0x3	1
431	157983	9.052 sec	TLP	Downstream	0x1	1
432	157986	9.052 sec	TLP	Upstream	0x12	1
433	157988	9.052 sec	TLP	Downstream	0x3	1
434	157990	9.052 sec	TLP	Downstream	0x1	1
435	157994	9.052 sec	TLP	Upstream	0x12	1
436	160266	9.068 sec	TLP	Downstream	0x1	1
437	160269	9.068 sec	TLP	Upstream	0x12	1
438	160271	9.068 sec	TLP	Downstream	0x3	1
439	160274	9.068 sec	TLP	Downstream	0x1	1
440	160277	9.068 sec	TLP	Upstream	0x12	1
441	160281	9.068 sec	TLP	Downstream	0x3	1
442	162602	9.084 sec	TLP	Downstream	0x1	1
443	162605	9.084 sec	TLP	Upstream	0x12	1
444	162607	9.084 sec	TLP	Downstream	0x1	1
445	162610	9.084 sec	TLP	Upstream	0x12	1
446	162612	9.084 sec	TLP	Downstream	0x3	1
447	162614	9.084 sec	TLP	Downstream	0x1	1
448	162618	9.084 sec	TLP	Upstream	0x12	1
449	162620	9.084 sec	TLP	Downstream	0x3	1
450	162622	9.084 sec	TLP	Downstream	0x1	1
451	162626	9.084 sec	TLP	Upstream	0x12	1
452	162628	9.084 sec	TLP	Downstream	0x3	1
453	162631	9.084 sec	TLP	Downstream	0x1	1
454	162634	9.084 sec	TLP	Upstream	0x12	1
455	162636	9.084 sec	TLP	Downstream	0x1	1
456	162639	9.084 sec	TLP	Upstream	0x12	1
457	162641	9.084 sec	TLP	Downstream	0x3	1
458	162643	9.084 sec	TLP	Downstream	0x3	1
459	162646	9.084 sec	TLP	Downstream	0x3	1
460	162649	9.084 sec	TLP	Downstream	0x3	1
461	162653	9.084 sec	TLP	Downstream	0x1	1
462	162658	9.084 sec	TLP	Upstream	0x12	1
463	162660	9.084 sec	TLP	Downstream	0x3	1
464	162662	9.084 sec	TLP	Downstream	0x3	1
465	162666	9.084 sec	TLP	Downstream	0x3	1
466	162669	9.084 sec	TLP	Downstream	0x3	1
467	162671	9.084 sec	TLP	Downstream	0x1	1
468	162675	9.084 sec	TLP	Upstream	0x12	1
469	162677	9.084 sec	TLP	Downstream	0x3	1
470	162679	9.084 sec	TLP	Downstream	0x1	1
471	162683	9.084 sec	TLP	Upstream	0x12	1
472	162685	9.084 sec	TLP	Downstream	0x3	1
473	162687	9.084 sec	TLP	Downstream	0x3	1
474	162690	9.084 sec	TLP	Downstream	0x1	1
475	162694	9.084 sec	TLP	Upstream	0x12	1
476	162696	9.084 sec	TLP	Downstream	0x3	1
477	162698	9.084 sec	TLP	Downstream	0x1	1
478	162702	9.084 sec	TLP	Upstream	0x12	1
479	162704	9.084 sec	TLP	Downstream	0x3	1
480	162706	9.084 sec	TLP	Downstream	0x3	1
481	162710	9.084 sec	TLP	Downstream	0x3	1
482	162712	9.084 sec	TLP	Downstream	0x3	1
483	192256	9.289 sec	TLP	Downstream	0x3	1
484	192259	9.289 sec	TLP	Downstream	0x1	1
485	192263	9.289 sec	TLP	Upstream	0x12	1
486	192265	9.289 sec	TLP	Downstream	0x3	1
487	192267	9.289 sec	TLP	Downstream	0x3	1
488	192271	9.289 sec	TLP	Downstream	0x1	1
489	192274	9.289 sec	TLP	Upstream	0x12	1
490	192276	9.289 sec	TLP	Downstream	0x3	1
491	192278	9.289 sec	TLP	Downstream	0x1	1
492	192282	9.289 sec	TLP	Upstream	0x12	1
493	192284	9.289 sec	TLP	Downstream	0x3	1
494	192287	9.289 sec	TLP	Downstream	0x3	1
495	192289	9.289 sec	TLP	Downstream	0x1	1
496	192293	9.289 sec	TLP	Upstream	0x12	1
497	192295	9.289 sec	TLP	Downstream	0x3	1
498	192297	9.289 sec	TLP	Downstream	0x1	1
499	192301	9.289 sec	TLP	Upstream	0x12	1
500	192303	9.289 sec	TLP	Downstream	0x3	1
501	192305	9.289 sec	TLP	Downstream	0x3	1
502	192308	9.289 sec	TLP	Downstream	0x1	1
503	192312	9.289 sec	TLP	Upstream	0x12	1
504	192314	9.289 sec	TLP	Downstream	0x3	1
505	192316	9.289 sec	TLP	Downstream	0x1	1
506	192320	9.289 sec	TLP	Upstream	0x12	1
507	192322	9.289 sec	TLP	Downstream	0x3	1
508	192324	9.289 sec	TLP	Downstream	0x3	1
509	194638	9.305 sec	TLP	Downstream	0x3	1
510	196954	9.321 sec	TLP	Downstream	0x3	1
511	196957	9.321 sec	TLP	Downstream	0x1	1
512	196961	9.321 sec	TLP	Upstream	0x12	1
513	196963	9.321 sec	TLP	Downstream	0x3	1
514	196965	9.321 sec	TLP	Downstream	0x1	1
515	196969	9.321 sec	TLP	Upstream	0x12	1
516	196971	9.321 sec	TLP	Downstream	0x3	1
517	196973	9.321 sec	TLP	Downstream	0x3	1
518	196976	9.321 sec	TLP	Downstream	0x1	1
519	196980	9.321 sec	TLP	Upstream	0x12	1
520	196982	9.321 sec	TLP	Downstream	0x3	1
521	196984	9.321 sec	TLP	Downstream	0x1	1
522	196988	9.321 sec	TLP	Upstream	0x12	1
523	196990	9.321 sec	TLP	Downstream	0x3	1
524	201533	9.352 sec	TLP	Downstream	0x1	1
525	201536	9.352 sec	TLP	Upstream	0x12	1
526	201538	9.352 sec	TLP	Downstream	0x3	1
527	201540	9.352 sec	TLP	Downstream	0x1	1
528	201544	9.352 sec	TLP	Upstream	0x12	1
529	201546	9.352 sec	TLP	Downstream	0x3	1
530	201548	9.352 sec	TLP	Downstream	0x1	1
531	201552	9.352 sec	TLP	Upstream	0x12	1
532	201554	9.352 sec	TLP	Downstream	0x3	1
533	201556	9.352 sec	TLP	Downstream	0x1	1
534	201560	9.352 sec	TLP	Upstream	0x12	1
535	201562	9.352 sec	TLP	Downstream	0x3	1
536	201565	9.352 sec	TLP	Downstream	0x3	1
537	201568	9.352 sec	TLP	Downstream	0x3	1
538	201570	9.352 sec	TLP	Downstream	0x1	1
539	201574	9.352 sec	TLP	Upstream	0x12	1
540	201576	9.352 sec	TLP	Downstream	0x3	1
541	201578	9.352 sec	TLP	Downstream	0x3	1
542	201581	9.352 sec	TLP	Downstream	0x3	1
543	201584	9.352 sec	TLP	Downstream	0x1	1
544	201588	9.352 sec	TLP	Upstream	0x12	1
545	201590	9.352 sec	TLP	Downstream	0x3	1
546	201592	9.352 sec	TLP	Downstream	0x3	1
547	201595	9.352 sec	TLP	Downstream	0x1	1
548	201599	9.352 sec	TLP	Upstream	0x12	1
549	201603	9.352 sec	TLP	Downstream	0x3	1
550	201605	9.352 sec	TLP	Downstream	0x1	1
551	201609	9.352 sec	TLP	Upstream	0x12	1
552	201611	9.352 sec	TLP	Downstream	0x3	1
553	201613	9.352 sec	TLP	Downstream	0x1	1
554	201617	9.352 sec	TLP	Upstream	0x12	1
555	201619	9.352 sec	TLP	Downstream	0x3	1
556	201621	9.352 sec	TLP	Downstream	0x1	1
557	201625	9.352 sec	TLP	Upstream	0x12	1
558	201627	9.352 sec	TLP	Downstream	0x3	1
559	201629	9.352 sec	TLP	Downstream	0x1	1
560	201633	9.352 sec	TLP	Upstream	0x12	1
561	201635	9.352 sec	TLP	Downstream	0x3	1
562	201637	9.352 sec	TLP	Downstream	0x1	1
563	201641	9.352 sec	TLP	Upstream	0x12	1
564	201643	9.352 sec	TLP	Downstream	0x3	1
565	203964	9.368 sec	TLP	Downstream	0x1	1
566	203967	9.368 sec	TLP	Upstream	0x12	1
567	206275	9.384 sec	TLP	Downstream	0x1	1
568	206278	9.384 sec	TLP	Upstream	0x12	1
569	206281	9.384 sec	TLP	Downstream	0x3	1
570	206283	9.384 sec	TLP	Downstream	0x1	1
571	206287	9.384 sec	TLP	Upstream	0x12	1
572	206289	9.384 sec	TLP	Downstream	0x3	1
573	206292	9.384 sec	TLP	Downstream	0x1	1
574	206295	9.384 sec	TLP	Upstream	0x12	1
575	206297	9.384 sec	TLP	Downstream	0x3	1
576	206299	9.384 sec	TLP	Downstream	0x1	1
577	206303	9.384 sec	TLP	Upstream	0x12	1
578	206305	9.384 sec	TLP	Downstream	0x3	1
579	206307	9.384 sec	TLP	Downstream	0x1	1
580	206311	9.384 sec	TLP	Upstream	0x12	1
581	206313	9.384 sec	TLP	Downstream	0x3	1
582	206315	9.384 sec	TLP	Downstream	0x1	1
583	206319	9.384 sec	TLP	Upstream	0x12	1
584	206321	9.384 sec	TLP	Downstream	0x3	1
585	206324	9.384 sec	TLP	Downstream	0x3	1
586	206327	9.384 sec	TLP	Downstream	0x3	1
587	206329	9.384 sec	TLP	Downstream	0x1	1
588	206333	9.384 sec	TLP	Upstream	0x12	1
589	206335	9.384 sec	TLP	Downstream	0x3	1
590	206337	9.384 sec	TLP	Downstream	0x1	1
591	206341	9.384 sec	TLP	Upstream	0x12	1
592	210921	9.416 sec	TLP	Downstream	0x3	1
593	213284	9.433 sec	TLP	Downstream	0x1	1
594	213287	9.433 sec	TLP	Upstream	0x12	1
595	217943	9.465 sec	TLP	Downstream	0x1	1
596	217946	9.465 sec	TLP	Upstream	0x12	1
597	217949	9.465 sec	TLP	Downstream	0x1	1
598	217952	9.465 sec	TLP	Upstream	0x12	1
599	217954	9.465 sec	TLP	Downstream	0x1	1
600	217957	9.465 sec	TLP	Upstream	0x12	1
601	217959	9.465 sec	TLP	Downstream	0x3	1
602	217962	9.465 sec	TLP	Downstream	0x3	1
603	217965	9.465 sec	TLP	Downstream	0x3	1
604	217988	9.465 sec	TLP	Upstream	0x3	1
605	218017	9.465 sec	TLP	Downstream	0x1	1
606	218020	9.465 sec	TLP	Upstream	0x12	1
607	218022	9.465 sec	TLP	Downstream	0x3	1
608	218027	9.465 sec	TLP	Downstream	0x1	1
609	218030	9.465 sec	TLP	Upstream	0x12	1
610	218038	9.465 sec	TLP	Downstream	0x1	1
611	218041	9.465 sec	TLP	Upstream	0x12	1
612	222578	9.497 sec	TLP	Downstream	0x1	1
613	222581	9.497 sec	TLP	Upstream	0x12	1
614	222583	9.497 sec	TLP	Downstream	0x1	1
615	222586	9.497 sec	TLP	Upstream	0x12	1
616	222588	9.497 sec	TLP	Downstream	0x1	1
617	222591	9.497 sec	TLP	Upstream	0x12	1
618	222593	9.497 sec	TLP	Downstream	0x3	1
619	222596	9.497 sec	TLP	Downstream	0x3	1
620	222599	9.497 sec	TLP	Downstream	0x3	1
621	222643	9.497 sec	TLP	Upstream	0x3	1
622	222647	9.497 sec	TLP	Downstream	0x1	1
623	222650	9.497 sec	TLP	Upstream	0x12	1
624	222652	9.497 sec	TLP	Downstream	0x3	1
625	222655	9.497 sec	TLP	Downstream	0x1	1
626	222658	9.497 sec	TLP	Upstream	0x12	1
627	222660	9.497 sec	TLP	Downstream	0x1	1
628	222663	9.497 sec	TLP	Upstream	0x12	1
629	222667	9.497 sec	TLP	Downstream	0x1	1
630	222670	9.497 sec	TLP	Upstream	0x12	1
631	222673	9.497 sec	TLP	Downstream	0x1	1
632	222676	9.497 sec	TLP	Upstream	0x12	1
633	222678	9.497 sec	TLP	Downstream	0x1	1
634	222681	9.497 sec	TLP	Upstream	0x12	1
635	222683	9.497 sec	TLP	Downstream	0x1	1
636	222686	9.497 sec	TLP	Upstream	0x12	1
637	222688	9.497 sec	TLP	Downstream	0x1	1
638	222691	9.497 sec	TLP	Upstream	0x12	1
639	222693	9.497 sec	TLP	Downstream	0x1	1
640	222696	9.497 sec	TLP	Upstream	0x12	1
641	222698	9.497 sec	TLP	Downstream	0x3	1
642	222701	9.497 sec	TLP	Downstream	0x3	1
643	222704	9.497 sec	TLP	Downstream	0x3	1
644	222748	9.497 sec	TLP	Upstream	0x3	1
645	222762	9.497 sec	TLP	Downstream	0x1	1
646	222765	9.497 sec	TLP	Upstream	0x12	1
647	222769	9.497 sec	TLP	Downstream	0x3	1
648	222772	9.497 sec	TLP	Downstream	0x1	1
649	222775	9.497 sec	TLP	Upstream	0x12	1
650	222777	9.497 sec	TLP	Downstream	0x1	1
651	222780	9.497 sec	TLP	Upstream	0x12	1
652	222782	9.497 sec	TLP	Downstream	0x1	1
653	222785	9.497 sec	TLP	Upstream	0x12	1
654	222791	9.497 sec	TLP	Downstream	0x1	1
655	222794	9.497 sec	TLP	Upstream	0x12	1
656	222805	9.497 sec	TLP	Downstream	0x1	1
657	222808	9.497 sec	TLP	Upstream	0x12	1
658	222810	9.497 sec	TLP	Downstream	0x3	1
659	222813	9.497 sec	TLP	Downstream	0x3	1
660	222815	9.497 sec	TLP	Downstream	0x1	1
661	222819	9.497 sec	TLP	Upstream	0x12	1
662	222821	9.497 sec	TLP	Downstream	0x3	1
663	222823	9.497 sec	TLP	Downstream	0x1	1
664	222827	9.497 sec	TLP	Upstream	0x12	1
665	222829	9.497 sec	TLP	Downstream	0x1	1
666	222832	9.497 sec	TLP	Upstream	0x12	1
667	222834	9.497 sec	TLP	Downstream	0x3	1
668	222836	9.497 sec	TLP	Downstream	0x1	1
669	222840	9.497 sec	TLP	Upstream	0x12	1
670	222842	9.497 sec	TLP	Downstream	0x1	1
671	222845	9.497 sec	TLP	Upstream	0x12	1
672	222847	9.497 sec	TLP	Downstream	0x3	1
673	222849	9.497 sec	TLP	Downstream	0x1	1
674	222853	9.497 sec	TLP	Upstream	0x12	1
675	222855	9.498 sec	TLP	Downstream	0x1	1
676	222858	9.498 sec	TLP	Upstream	0x12	1
677	222860	9.498 sec	TLP	Downstream	0x3	1
678	222862	9.498 sec	TLP	Downstream	0x1	1
679	222866	9.498 sec	TLP	Upstream	0x12	1
680	222868	9.498 sec	TLP	Downstream	0x1	1
681	222871	9.498 sec	TLP	Upstream	0x12	1
682	222873	9.498 sec	TLP	Downstream	0x3	1
683	222875	9.498 sec	TLP	Downstream	0x1	1
684	222881	9.498 sec	TLP	Upstream	0x12	1
685	224227	9.507 sec	TLP	Upstream	0x3	1
686	224230	9.507 sec	TLP	Downstream	0x1	1
687	224233	9.507 sec	TLP	Upstream	0x12	1
688	225006	9.512 sec	TLP	Downstream	0x1	1
689	225009	9.512 sec	TLP	Upstream	0x12	1
690	225011	9.512 sec	TLP	Downstream	0x3	1
691	225013	9.512 sec	TLP	Downstream	0x1	1
692	225017	9.512 sec	TLP	Upstream	0x12	1
693	225019	9.512 sec	TLP	Downstream	0x1	1
694	225022	9.512 sec	TLP	Upstream	0x12	1
695	225024	9.512 sec	TLP	Downstream	0x1	1
696	225027	9.512 sec	TLP	Upstream	0x12	1
697	225029	9.512 sec	TLP	Downstream	0x3	1
698	225031	9.512 sec	TLP	Downstream	0x1	1
699	225035	9.512 sec	TLP	Upstream	0x12	1
700	225037	9.512 sec	TLP	Downstream	0x3	1
701	225043	9.512 sec	TLP	Downstream	0x9	1
702	225048	9.512 sec	TLP	Downstream	0x9	1
703	1484399	10.912 sec	TLP	Upstream	0xD	1
704	1484414	10.912 sec	TLP	Downstream	0xE	1
