row	packet_index	time_display	channel	tlp_type_hex	tag	requester_id	completer_id	compl_status
1	3129	8.277 sec	Upstream	0xD	0	256	NA	NA
2	3148	8.277 sec	Downstream	0x9	4	0	NA	NA
3	3150	8.277 sec	Upstream	0x12	4	0	256	0
4	3153	8.277 sec	Downstream	0x9	10	0	NA	NA
5	3155	8.277 sec	Upstream	0x12	10	0	256	0
6	3207	8.277 sec	Downstream	0x9	1	0	NA	NA
7	3209	8.277 sec	Upstream	0x12	1	0	256	0
8	3214	8.277 sec	Downstream	0x9	6	0	NA	NA
9	3216	8.277 sec	Upstream	0x12	6	0	256	0
10	3219	8.277 sec	Downstream	0x9	12	0	NA	NA
11	3222	8.277 sec	Upstream	0x12	12	0	256	0
12	3225	8.277 sec	Downstream	0x9	2	0	NA	NA
13	3227	8.277 sec	Upstream	0x12	2	0	256	0
14	3230	8.277 sec	Downstream	0x9	8	0	NA	NA
15	3232	8.277 sec	Upstream	0x12	8	0	256	0
16	3235	8.277 sec	Downstream	0x9	14	0	NA	NA
17	3237	8.277 sec	Upstream	0x12	14	0	256	0
18	3240	8.277 sec	Downstream	0x9	0	0	NA	NA
19	3242	8.277 sec	Upstream	0x12	0	0	256	0
20	3246	8.277 sec	Downstream	0x9	5	0	NA	NA
21	3250	8.277 sec	Upstream	0x12	5	0	256	0
22	3253	8.277 sec	Downstream	0x9	11	0	NA	NA
23	3255	8.277 sec	Upstream	0x12	11	0	256	0
24	3258	8.277 sec	Downstream	0x9	1	0	NA	NA
25	3260	8.277 sec	Upstream	0x12	1	0	256	0
26	3263	8.277 sec	Downstream	0x9	7	0	NA	NA
27	3265	8.277 sec	Upstream	0x12	7	0	256	0
28	3268	8.277 sec	Downstream	0x9	13	0	NA	NA
29	3270	8.277 sec	Upstream	0x12	13	0	256	0
30	3274	8.277 sec	Downstream	0x9	3	0	NA	NA
31	3276	8.277 sec	Upstream	0x12	3	0	256	0
32	3279	8.277 sec	Downstream	0x9	9	0	NA	NA
33	3281	8.277 sec	Upstream	0x12	9	0	256	0
34	3286	8.277 sec	Downstream	0x9	15	0	NA	NA
35	3288	8.277 sec	Upstream	0x12	15	0	256	0
36	3291	8.277 sec	Downstream	0x9	0	0	NA	NA
37	3293	8.277 sec	Upstream	0x12	0	0	256	0
38	3296	8.277 sec	Downstream	0x9	4	0	NA	NA
39	3299	8.277 sec	Upstream	0x12	4	0	256	0
40	3302	8.277 sec	Downstream	0x9	10	0	NA	NA
41	3304	8.277 sec	Upstream	0x12	10	0	256	0
42	3307	8.277 sec	Downstream	0x9	1	0	NA	NA
43	3309	8.277 sec	Upstream	0x12	1	0	256	0
44	3312	8.277 sec	Downstream	0xA	6	0	NA	NA
45	3314	8.277 sec	Upstream	0x11	6	0	256	0
46	3320	8.277 sec	Downstream	0x9	12	0	NA	NA
47	3322	8.277 sec	Upstream	0x12	12	0	256	0
48	3325	8.277 sec	Downstream	0x9	2	0	NA	NA
49	3327	8.277 sec	Upstream	0x12	2	0	256	0
50	3330	8.277 sec	Downstream	0xA	8	0	NA	NA
51	3332	8.277 sec	Upstream	0x11	8	0	256	0
52	8594	8.314 sec	Downstream	0x9	14	0	NA	NA
53	8596	8.314 sec	Upstream	0x12	14	0	256	0
54	8599	8.314 sec	Downstream	0xA	0	0	NA	NA
55	8601	8.314 sec	Upstream	0x11	0	0	256	0
56	8604	8.314 sec	Downstream	0xA	5	0	NA	NA
57	8606	8.314 sec	Upstream	0x11	5	0	256	0
58	8609	8.314 sec	Downstream	0xA	11	0	NA	NA
59	8611	8.314 sec	Upstream	0x11	11	0	256	0
60	8614	8.314 sec	Downstream	0xA	1	0	NA	NA
61	8617	8.314 sec	Upstream	0x11	1	0	256	0
62	8620	8.314 sec	Downstream	0xA	7	0	NA	NA
63	8622	8.314 sec	Upstream	0x11	7	0	256	0
64	8625	8.314 sec	Downstream	0xA	13	0	NA	NA
65	8627	8.314 sec	Upstream	0x11	13	0	256	0
66	8630	8.314 sec	Downstream	0xA	3	0	NA	NA
67	8634	8.314 sec	Upstream	0x11	3	0	256	0
68	8637	8.314 sec	Downstream	0xA	9	0	NA	NA
69	8639	8.314 sec	Upstream	0x11	9	0	256	0
70	8642	8.314 sec	Downstream	0xA	15	0	NA	NA
71	8644	8.314 sec	Upstream	0x11	15	0	256	0
72	8648	8.314 sec	Downstream	0xA	0	0	NA	NA
73	8650	8.314 sec	Upstream	0x11	0	0	256	0
74	8653	8.314 sec	Downstream	0xA	4	0	NA	NA
75	8655	8.314 sec	Upstream	0x11	4	0	256	0
76	8658	8.314 sec	Downstream	0xA	10	0	NA	NA
77	8660	8.314 sec	Upstream	0x11	10	0	256	0
78	8665	8.314 sec	Downstream	0xA	1	0	NA	NA
79	8667	8.314 sec	Upstream	0x11	1	0	256	0
80	8671	8.314 sec	Downstream	0xA	6	0	NA	NA
81	8673	8.314 sec	Upstream	0x11	6	0	256	0
82	8676	8.314 sec	Downstream	0x9	12	0	NA	NA
83	8678	8.314 sec	Upstream	0x12	12	0	256	0
84	8681	8.314 sec	Downstream	0x9	2	0	NA	NA
85	8683	8.314 sec	Upstream	0x12	2	0	256	0
86	8686	8.314 sec	Downstream	0xA	8	0	NA	NA
87	8688	8.314 sec	Upstream	0x11	8	0	256	0
88	8691	8.314 sec	Downstream	0xA	14	0	NA	NA
89	8693	8.314 sec	Upstream	0x11	14	0	256	0
90	8696	8.314 sec	Downstream	0xA	0	0	NA	NA
91	8698	8.314 sec	Upstream	0x11	0	0	256	0
92	8702	8.314 sec	Downstream	0x9	5	0	NA	NA
93	8704	8.314 sec	Upstream	0x12	5	0	256	0
94	8709	8.314 sec	Downstream	0xA	11	0	NA	NA
95	8711	8.314 sec	Upstream	0x11	11	0	256	0
96	8714	8.314 sec	Downstream	0xA	1	0	NA	NA
97	8716	8.314 sec	Upstream	0x11	1	0	256	0
98	8719	8.314 sec	Downstream	0x9	7	0	NA	NA
99	8721	8.314 sec	Upstream	0x12	7	0	256	0
100	8725	8.314 sec	Downstream	0xA	13	0	NA	NA
101	8727	8.314 sec	Upstream	0x11	13	0	256	0
102	8730	8.314 sec	Downstream	0x9	3	0	NA	NA
103	8732	8.314 sec	Upstream	0x12	3	0	256	0
104	8737	8.314 sec	Downstream	0xA	9	0	NA	NA
105	8739	8.314 sec	Upstream	0x11	9	0	256	0
106	8742	8.314 sec	Downstream	0x9	15	0	NA	NA
107	8744	8.314 sec	Upstream	0x12	15	0	256	0
108	8748	8.314 sec	Downstream	0xA	0	0	NA	NA
109	8750	8.314 sec	Upstream	0x11	0	0	256	0
110	8753	8.314 sec	Downstream	0xA	4	0	NA	NA
111	8755	8.314 sec	Upstream	0x11	4	0	256	0
112	8758	8.314 sec	Downstream	0xA	10	0	NA	NA
113	8760	8.314 sec	Upstream	0x11	10	0	256	0
114	8763	8.314 sec	Downstream	0xA	1	0	NA	NA
115	8765	8.314 sec	Upstream	0x11	1	0	256	0
116	9915	8.314 sec	Downstream	0xA	6	0	NA	NA
117	9918	8.314 sec	Upstream	0x11	6	0	256	0
118	10354	8.314 sec	Downstream	0xA	12	0	NA	NA
119	10358	8.314 sec	Upstream	0x11	12	0	256	0
120	13807	8.317 sec	Upstream	0x12	2	0	256	0
121	13810	8.317 sec	Upstream	0x12	8	0	256	0
122	13815	8.317 sec	Upstream	0x12	14	0	256	0
123	13822	8.317 sec	Upstream	0x12	0	0	256	0
124	15518	8.331 sec	Upstream	0x12	5	0	256	0
125	15523	8.331 sec	Upstream	0x12	11	0	256	0
126	46820	8.346 sec	Downstream	0x1	1	0	NA	NA
127	46824	8.346 sec	Upstream	0x12	1	0	256	0
128	48563	8.347 sec	Upstream	0x12	7	0	256	0
129	51957	8.350 sec	Upstream	0x12	13	0	256	0
130	52245	8.350 sec	Upstream	0x12	9	0	256	0
131	52514	8.350 sec	Upstream	0x12	15	0	256	0
132	52525	8.350 sec	Upstream	0x12	0	0	256	0
133	52532	8.350 sec	Upstream	0x12	4	0	256	0
134	52535	8.350 sec	Upstream	0x12	10	0	256	0
135	52540	8.350 sec	Upstream	0x12	1	0	256	0
136	52545	8.350 sec	Upstream	0x12	6	0	256	0
137	52550	8.350 sec	Upstream	0x12	12	0	256	0
138	52555	8.350 sec	Upstream	0x12	2	0	256	0
139	52560	8.350 sec	Upstream	0x12	8	0	256	0
140	52565	8.350 sec	Upstream	0x12	14	0	256	0
141	52570	8.350 sec	Upstream	0x12	0	0	256	0
142	52575	8.350 sec	Upstream	0x12	5	0	256	0
143	52580	8.350 sec	Upstream	0x12	11	0	256	0
144	52585	8.350 sec	Upstream	0x12	1	0	256	0
145	52590	8.350 sec	Upstream	0x12	7	0	256	0
146	52593	8.350 sec	Upstream	0x12	13	0	256	0
147	52598	8.350 sec	Upstream	0x12	3	0	256	0
148	52601	8.350 sec	Upstream	0x12	9	0	256	0
149	52606	8.350 sec	Upstream	0x12	15	0	256	0
150	54285	8.351 sec	Upstream	0x12	0	0	256	0
151	54338	8.353 sec	Upstream	0x11	4	0	256	0
152	54621	8.353 sec	Upstream	0x12	10	0	256	0
153	54905	8.353 sec	Upstream	0x11	1	0	256	0
154	54909	8.353 sec	Upstream	0x12	6	0	256	0
155	54916	8.353 sec	Upstream	0x12	12	0	256	0
156	54925	8.353 sec	Upstream	0x12	2	0	256	0
157	54930	8.353 sec	Upstream	0x12	8	0	256	0
158	54937	8.353 sec	Upstream	0x12	14	0	256	0
159	54944	8.353 sec	Upstream	0x12	0	0	256	0
160	54949	8.353 sec	Upstream	0x12	5	0	256	0
161	54956	8.353 sec	Upstream	0x12	11	0	256	0
162	56648	8.354 sec	Upstream	0x12	1	0	256	0
163	56655	8.354 sec	Upstream	0x12	7	0	256	0
164	56660	8.354 sec	Upstream	0x12	13	0	256	0
165	56663	8.354 sec	Upstream	0x12	3	0	256	0
166	56676	8.354 sec	Upstream	0x12	9	0	256	0
167	56679	8.354 sec	Upstream	0x12	15	0	256	0
168	56684	8.354 sec	Upstream	0x12	0	0	256	0
169	56691	8.354 sec	Upstream	0x12	4	0	256	0
170	57728	8.361 sec	Downstream	0x1	10	0	NA	NA
171	57731	8.361 sec	Upstream	0x12	10	0	256	0
172	57733	8.361 sec	Downstream	0x3	0	0	NA	NA
173	57735	8.361 sec	Downstream	0x1	1	0	NA	NA
174	57739	8.361 sec	Upstream	0x12	1	0	256	0
175	57741	8.361 sec	Downstream	0x3	0	0	NA	NA
176	59962	8.376 sec	Downstream	0x1	6	0	NA	NA
177	59965	8.376 sec	Upstream	0x12	6	0	256	0
178	59967	8.376 sec	Downstream	0x1	12	0	NA	NA
179	59970	8.376 sec	Upstream	0x12	12	0	256	0
180	59974	8.376 sec	Downstream	0x3	0	0	NA	NA
181	59976	8.376 sec	Downstream	0x1	2	0	NA	NA
182	59980	8.376 sec	Upstream	0x12	2	0	256	0
183	59982	8.376 sec	Downstream	0x3	0	0	NA	NA
184	59984	8.376 sec	Downstream	0x1	8	0	NA	NA
185	59988	8.376 sec	Upstream	0x12	8	0	256	0
186	59990	8.376 sec	Downstream	0x3	0	0	NA	NA
187	59993	8.376 sec	Downstream	0x1	14	0	NA	NA
188	59996	8.376 sec	Upstream	0x12	14	0	256	0
189	59998	8.376 sec	Downstream	0x1	0	0	NA	NA
190	60001	8.376 sec	Upstream	0x12	0	0	256	0
191	60003	8.376 sec	Downstream	0x3	0	0	NA	NA
192	60005	8.376 sec	Downstream	0x3	0	0	NA	NA
193	60008	8.376 sec	Downstream	0x3	0	0	NA	NA
194	60011	8.376 sec	Downstream	0x3	0	0	NA	NA
195	60015	8.377 sec	Downstream	0x1	5	0	NA	NA
196	60018	8.377 sec	Upstream	0x12	5	0	256	0
197	60020	8.377 sec	Downstream	0x3	0	0	NA	NA
198	60022	8.377 sec	Downstream	0x3	0	0	NA	NA
199	60026	8.377 sec	Downstream	0x1	11	0	NA	NA
200	60029	8.377 sec	Upstream	0x12	11	0	256	0
201	60031	8.377 sec	Downstream	0x1	1	0	NA	NA
202	60034	8.377 sec	Upstream	0x12	1	0	256	0
203	60036	8.377 sec	Downstream	0x3	0	0	NA	NA
204	60038	8.377 sec	Downstream	0x1	7	0	NA	NA
205	60042	8.377 sec	Upstream	0x12	7	0	256	0
206	60044	8.377 sec	Downstream	0x3	0	0	NA	NA
207	60046	8.377 sec	Downstream	0x1	13	0	NA	NA
208	60050	8.377 sec	Upstream	0x12	13	0	256	0
209	60052	8.377 sec	Downstream	0x3	0	0	NA	NA
210	60054	8.377 sec	Downstream	0x3	0	0	NA	NA
211	60058	8.377 sec	Downstream	0x1	3	0	NA	NA
212	60061	8.377 sec	Upstream	0x12	3	0	256	0
213	60065	8.377 sec	Downstream	0x3	0	0	NA	NA
214	60067	8.377 sec	Downstream	0x1	9	0	NA	NA
215	60071	8.377 sec	Upstream	0x12	9	0	256	0
216	60073	8.377 sec	Downstream	0x3	0	0	NA	NA
217	60075	8.377 sec	Downstream	0x3	0	0	NA	NA
218	60078	8.377 sec	Downstream	0x1	15	0	NA	NA
219	60082	8.377 sec	Upstream	0x12	15	0	256	0
220	60084	8.377 sec	Downstream	0x3	0	0	NA	NA
221	60087	8.377 sec	Downstream	0x3	0	0	NA	NA
222	60089	8.377 sec	Downstream	0x1	0	0	NA	NA
223	60093	8.377 sec	Upstream	0x12	0	0	256	0
224	60095	8.377 sec	Downstream	0x3	0	0	NA	NA
225	60097	8.377 sec	Downstream	0x1	4	0	NA	NA
226	60101	8.377 sec	Upstream	0x12	4	0	256	0
227	60103	8.377 sec	Downstream	0x3	0	0	NA	NA
228	60105	8.377 sec	Downstream	0x3	0	0	NA	NA
229	60108	8.377 sec	Downstream	0x1	10	0	NA	NA
230	60112	8.377 sec	Upstream	0x12	10	0	256	0
231	60114	8.377 sec	Downstream	0x3	0	0	NA	NA
232	60116	8.377 sec	Downstream	0x1	1	0	NA	NA
233	60120	8.377 sec	Upstream	0x12	1	0	256	0
234	60122	8.377 sec	Downstream	0x3	0	0	NA	NA
235	60124	8.377 sec	Downstream	0x3	0	0	NA	NA
236	62370	8.392 sec	Downstream	0x3	0	0	NA	NA
237	62372	8.392 sec	Downstream	0x1	6	0	NA	NA
238	62376	8.392 sec	Upstream	0x12	6	0	256	0
239	62378	8.392 sec	Downstream	0x3	0	0	NA	NA
240	62380	8.392 sec	Downstream	0x3	0	0	NA	NA
241	62383	8.392 sec	Downstream	0x3	0	0	NA	NA
242	62386	8.392 sec	Downstream	0x3	0	0	NA	NA
243	64716	8.408 sec	Downstream	0x3	0	0	NA	NA
244	64719	8.408 sec	Downstream	0x1	12	0	NA	NA
245	64722	8.408 sec	Upstream	0x12	12	0	256	0
246	64724	8.408 sec	Downstream	0x3	0	0	NA	NA
247	64726	8.408 sec	Downstream	0x3	0	0	NA	NA
248	64729	8.408 sec	Downstream	0x3	0	0	NA	NA
249	67003	8.424 sec	Downstream	0x3	0	0	NA	NA
250	67006	8.424 sec	Downstream	0x1	2	0	NA	NA
251	67009	8.424 sec	Upstream	0x12	2	0	256	0
252	67011	8.424 sec	Downstream	0x3	0	0	NA	NA
253	67013	8.424 sec	Downstream	0x1	8	0	NA	NA
254	67017	8.424 sec	Upstream	0x12	8	0	256	0
255	67019	8.424 sec	Downstream	0x3	0	0	NA	NA
256	67021	8.424 sec	Downstream	0x3	0	0	NA	NA
257	67024	8.424 sec	Downstream	0x1	14	0	NA	NA
258	67028	8.424 sec	Upstream	0x12	14	0	256	0
259	67030	8.424 sec	Downstream	0x3	0	0	NA	NA
260	67032	8.424 sec	Downstream	0x1	0	0	NA	NA
261	67036	8.424 sec	Upstream	0x12	0	0	256	0
262	67038	8.424 sec	Downstream	0x3	0	0	NA	NA
263	71571	8.455 sec	Downstream	0x3	0	0	NA	NA
264	71574	8.455 sec	Downstream	0x3	0	0	NA	NA
265	71576	8.455 sec	Downstream	0x1	5	0	NA	NA
266	71580	8.455 sec	Upstream	0x12	5	0	256	0
267	71582	8.455 sec	Downstream	0x3	0	0	NA	NA
268	71584	8.455 sec	Downstream	0x1	11	0	NA	NA
269	71588	8.455 sec	Upstream	0x12	11	0	256	0
270	76092	8.487 sec	Downstream	0x3	0	0	NA	NA
271	78412	8.503 sec	Downstream	0x1	1	0	NA	NA
272	78415	8.503 sec	Upstream	0x12	1	0	256	0
273	82798	8.533 sec	Downstream	0x1	7	0	NA	NA
274	82801	8.533 sec	Upstream	0x12	7	0	256	0
275	84997	8.548 sec	Downstream	0x1	13	0	NA	NA
276	85000	8.548 sec	Upstream	0x12	13	0	256	0
277	87279	8.564 sec	Downstream	0x1	3	0	NA	NA
278	87282	8.564 sec	Upstream	0x12	3	0	256	0
279	89556	8.580 sec	Downstream	0x1	9	0	NA	NA
280	89559	8.580 sec	Upstream	0x12	9	0	256	0
281	91886	8.596 sec	Downstream	0x1	15	0	NA	NA
282	91889	8.596 sec	Upstream	0x12	15	0	256	0
283	91893	8.596 sec	Downstream	0x3	0	0	NA	NA
284	91896	8.596 sec	Downstream	0x3	0	0	NA	NA
285	91899	8.596 sec	Downstream	0x3	0	0	NA	NA
286	91902	8.596 sec	Downstream	0x1	0	0	NA	NA
287	91905	8.596 sec	Upstream	0x12	0	0	256	0
288	91907	8.596 sec	Downstream	0x1	4	0	NA	NA
289	91910	8.596 sec	Upstream	0x12	4	0	256	0
290	91912	8.596 sec	Downstream	0x3	0	0	NA	NA
291	91915	8.596 sec	Downstream	0x1	10	0	NA	NA
292	91918	8.596 sec	Upstream	0x12	10	0	256	0
293	91920	8.596 sec	Downstream	0x3	0	0	NA	NA
294	91922	8.596 sec	Downstream	0x1	1	0	NA	NA
295	91926	8.596 sec	Upstream	0x12	1	0	256	0
296	94192	8.612 sec	Downstream	0x1	6	0	NA	NA
297	94195	8.612 sec	Upstream	0x12	6	0	256	0
298	94197	8.612 sec	Downstream	0x3	0	0	NA	NA
299	94199	8.612 sec	Downstream	0x1	12	0	NA	NA
300	94203	8.612 sec	Upstream	0x12	12	0	256	0
301	94205	8.612 sec	Downstream	0x3	0	0	NA	NA
302	96432	8.627 sec	Downstream	0x1	2	0	NA	NA
303	96435	8.627 sec	Upstream	0x12	2	0	256	0
304	96437	8.627 sec	Downstream	0x1	8	0	NA	NA
305	96440	8.627 sec	Upstream	0x12	8	0	256	0
306	96442	8.627 sec	Downstream	0x3	0	0	NA	NA
307	96444	8.627 sec	Downstream	0x1	14	0	NA	NA
308	96448	8.627 sec	Upstream	0x12	14	0	256	0
309	96450	8.627 sec	Downstream	0x3	0	0	NA	NA
310	96454	8.627 sec	Downstream	0x1	0	0	NA	NA
311	96458	8.627 sec	Upstream	0x12	0	0	256	0
312	96460	8.627 sec	Downstream	0x3	0	0	NA	NA
313	96463	8.627 sec	Downstream	0x1	5	0	NA	NA
314	96466	8.627 sec	Upstream	0x12	5	0	256	0
315	96468	8.627 sec	Downstream	0x1	11	0	NA	NA
316	96471	8.627 sec	Upstream	0x12	11	0	256	0
317	96473	8.627 sec	Downstream	0x3	0	0	NA	NA
318	96476	8.627 sec	Downstream	0x3	0	0	NA	NA
319	96478	8.627 sec	Downstream	0x3	0	0	NA	NA
320	96481	8.627 sec	Downstream	0x3	0	0	NA	NA
321	96484	8.627 sec	Downstream	0x1	1	0	NA	NA
322	96488	8.627 sec	Upstream	0x12	1	0	256	0
323	96490	8.627 sec	Downstream	0x3	0	0	NA	NA
324	96492	8.627 sec	Downstream	0x3	0	0	NA	NA
325	96496	8.627 sec	Downstream	0x3	0	0	NA	NA
326	96499	8.627 sec	Downstream	0x3	0	0	NA	NA
327	96501	8.627 sec	Downstream	0x1	7	0	NA	NA
328	96505	8.627 sec	Upstream	0x12	7	0	256	0
329	96507	8.627 sec	Downstream	0x3	0	0	NA	NA
330	96509	8.627 sec	Downstream	0x1	13	0	NA	NA
331	96513	8.627 sec	Upstream	0x12	13	0	256	0
332	96515	8.627 sec	Downstream	0x3	0	0	NA	NA
333	96517	8.627 sec	Downstream	0x3	0	0	NA	NA
334	96520	8.627 sec	Downstream	0x1	3	0	NA	NA
335	96524	8.627 sec	Upstream	0x12	3	0	256	0
336	96526	8.627 sec	Downstream	0x3	0	0	NA	NA
337	96528	8.627 sec	Downstream	0x1	9	0	NA	NA
338	96532	8.627 sec	Upstream	0x12	9	0	256	0
339	96534	8.627 sec	Downstream	0x3	0	0	NA	NA
340	96536	8.627 sec	Downstream	0x3	0	0	NA	NA
341	96539	8.627 sec	Downstream	0x3	0	0	NA	NA
342	96542	8.627 sec	Downstream	0x3	0	0	NA	NA
343	126018	8.832 sec	Downstream	0x3	0	0	NA	NA
344	126023	8.832 sec	Downstream	0x1	15	0	NA	NA
345	126026	8.832 sec	Upstream	0x12	15	0	256	0
346	126028	8.832 sec	Downstream	0x3	0	0	NA	NA
347	126030	8.832 sec	Downstream	0x1	0	0	NA	NA
348	126034	8.832 sec	Upstream	0x12	0	0	256	0
349	126036	8.832 sec	Downstream	0x3	0	0	NA	NA
350	126038	8.832 sec	Downstream	0x3	0	0	NA	NA
351	126042	8.832 sec	Downstream	0x1	4	0	NA	NA
352	126045	8.832 sec	Upstream	0x12	4	0	256	0
353	126047	8.832 sec	Downstream	0x3	0	0	NA	NA
354	126049	8.832 sec	Downstream	0x1	10	0	NA	NA
355	126053	8.832 sec	Upstream	0x12	10	0	256	0
356	126055	8.832 sec	Downstream	0x3	0	0	NA	NA
357	126057	8.832 sec	Downstream	0x3	0	0	NA	NA
358	126060	8.832 sec	Downstream	0x1	1	0	NA	NA
359	126064	8.832 sec	Upstream	0x12	1	0	256	0
360	126066	8.832 sec	Downstream	0x3	0	0	NA	NA
361	126069	8.832 sec	Downstream	0x3	0	0	NA	NA
362	126071	8.832 sec	Downstream	0x1	6	0	NA	NA
363	126075	8.832 sec	Upstream	0x12	6	0	256	0
364	126077	8.832 sec	Downstream	0x3	0	0	NA	NA
365	126079	8.832 sec	Downstream	0x1	12	0	NA	NA
366	126083	8.832 sec	Upstream	0x12	12	0	256	0
367	126085	8.832 sec	Downstream	0x3	0	0	NA	NA
368	126087	8.832 sec	Downstream	0x3	0	0	NA	NA
369	126090	8.832 sec	Downstream	0x1	2	0	NA	NA
370	126094	8.832 sec	Upstream	0x12	2	0	256	0
371	126096	8.832 sec	Downstream	0x3	0	0	NA	NA
372	126098	8.832 sec	Downstream	0x1	8	0	NA	NA
373	126102	8.832 sec	Upstream	0x12	8	0	256	0
374	126104	8.832 sec	Downstream	0x3	0	0	NA	NA
375	126106	8.832 sec	Downstream	0x3	0	0	NA	NA
376	128398	8.848 sec	Downstream	0x3	0	0	NA	NA
377	128401	8.848 sec	Downstream	0x1	14	0	NA	NA
378	128404	8.848 sec	Upstream	0x12	14	0	256	0
379	128406	8.848 sec	Downstream	0x3	0	0	NA	NA
380	128410	8.848 sec	Downstream	0x3	0	0	NA	NA
381	128413	8.848 sec	Downstream	0x3	0	0	NA	NA
382	128416	8.848 sec	Downstream	0x3	0	0	NA	NA
383	130682	8.863 sec	Downstream	0x3	0	0	NA	NA
384	130685	8.863 sec	Downstream	0x1	0	0	NA	NA
385	130688	8.863 sec	Upstream	0x12	0	0	256	0
386	130690	8.863 sec	Downstream	0x3	0	0	NA	NA
387	130692	8.863 sec	Downstream	0x3	0	0	NA	NA
388	130695	8.863 sec	Downstream	0x3	0	0	NA	NA
389	132992	8.879 sec	Downstream	0x3	0	0	NA	NA
390	132995	8.879 sec	Downstream	0x1	5	0	NA	NA
391	132998	8.879 sec	Upstream	0x12	5	0	256	0
392	133000	8.879 sec	Downstream	0x3	0	0	NA	NA
393	133002	8.879 sec	Downstream	0x1	11	0	NA	NA
394	133006	8.879 sec	Upstream	0x12	11	0	256	0
395	133008	8.879 sec	Downstream	0x3	0	0	NA	NA
396	133010	8.879 sec	Downstream	0x3	0	0	NA	NA
397	133015	8.879 sec	Downstream	0x1	1	0	NA	NA
398	133019	8.879 sec	Upstream	0x12	1	0	256	0
399	133021	8.879 sec	Downstream	0x3	0	0	NA	NA
400	133023	8.879 sec	Downstream	0x1	7	0	NA	NA
401	133027	8.879 sec	Upstream	0x12	7	0	256	0
402	133029	8.879 sec	Downstream	0x3	0	0	NA	NA
403	137498	8.910 sec	Downstream	0x3	0	0	NA	NA
404	137501	8.910 sec	Downstream	0x3	0	0	NA	NA
405	137503	8.910 sec	Downstream	0x1	13	0	NA	NA
406	137507	8.910 sec	Upstream	0x12	13	0	256	0
407	137509	8.910 sec	Downstream	0x3	0	0	NA	NA
408	137511	8.910 sec	Downstream	0x1	3	0	NA	NA
409	137515	8.910 sec	Upstream	0x12	3	0	256	0
410	142057	8.942 sec	Downstream	0x3	0	0	NA	NA
411	144324	8.957 sec	Downstream	0x1	9	0	NA	NA
412	144327	8.957 sec	Upstream	0x12	9	0	256	0
413	148877	8.989 sec	Downstream	0x1	15	0	NA	NA
414	148880	8.989 sec	Upstream	0x12	15	0	256	0
415	151169	9.005 sec	Downstream	0x1	0	0	NA	NA
416	151172	9.005 sec	Upstream	0x12	0	0	256	0
417	153465	9.021 sec	Downstream	0x1	4	0	NA	NA
418	153468	9.021 sec	Upstream	0x12	4	0	256	0
419	155676	9.036 sec	Downstream	0x1	10	0	NA	NA
420	155679	9.036 sec	Upstream	0x12	10	0	256	0
421	157956	9.052 sec	Downstream	0x1	1	0	NA	NA
422	157959	9.052 sec	Upstream	0x12	1	0	256	0
423	157961	9.052 sec	Downstream	0x3	0	0	NA	NA
424	157964	9.052 sec	Downstream	0x3	0	0	NA	NA
425	157967	9.052 sec	Downstream	0x3	0	0	NA	NA
426	157970	9.052 sec	Downstream	0x1	6	0	NA	NA
427	157973	9.052 sec	Upstream	0x12	6	0	256	0
428	157975	9.052 sec	Downstream	0x1	12	0	NA	NA
429	157978	9.052 sec	Upstream	0x12	12	0	256	0
430	157980	9.052 sec	Downstream	0x3	0	0	NA	NA
431	157983	9.052 sec	Downstream	0x1	2	0	NA	NA
432	157986	9.052 sec	Upstream	0x12	2	0	256	0
433	157988	9.052 sec	Downstream	0x3	0	0	NA	NA
434	157990	9.052 sec	Downstream	0x1	8	0	NA	NA
435	157994	9.052 sec	Upstream	0x12	8	0	256	0
436	160266	9.068 sec	Downstream	0x1	14	0	NA	NA
437	160269	9.068 sec	Upstream	0x12	14	0	256	0
438	160271	9.068 sec	Downstream	0x3	0	0	NA	NA
439	160274	9.068 sec	Downstream	0x1	0	0	NA	NA
440	160277	9.068 sec	Upstream	0x12	0	0	256	0
441	160281	9.068 sec	Downstream	0x3	0	0	NA	NA
442	162602	9.084 sec	Downstream	0x1	5	0	NA	NA
443	162605	9.084 sec	Upstream	0x12	5	0	256	0
444	162607	9.084 sec	Downstream	0x1	11	0	NA	NA
445	162610	9.084 sec	Upstream	0x12	11	0	256	0
446	162612	9.084 sec	Downstream	0x3	0	0	NA	NA
447	162614	9.084 sec	Downstream	0x1	1	0	NA	NA
448	162618	9.084 sec	Upstream	0x12	1	0	256	0
449	162620	9.084 sec	Downstream	0x3	0	0	NA	NA
450	162622	9.084 sec	Downstream	0x1	7	0	NA	NA
451	162626	9.084 sec	Upstream	0x12	7	0	256	0
452	162628	9.084 sec	Downstream	0x3	0	0	NA	NA
453	162631	9.084 sec	Downstream	0x1	13	0	NA	NA
454	162634	9.084 sec	Upstream	0x12	13	0	256	0
455	162636	9.084 sec	Downstream	0x1	3	0	NA	NA
456	162639	9.084 sec	Upstream	0x12	3	0	256	0
457	162641	9.084 sec	Downstream	0x3	0	0	NA	NA
458	162643	9.084 sec	Downstream	0x3	0	0	NA	NA
459	162646	9.084 sec	Downstream	0x3	0	0	NA	NA
460	162649	9.084 sec	Downstream	0x3	0	0	NA	NA
461	162653	9.084 sec	Downstream	0x1	9	0	NA	NA
462	162658	9.084 sec	Upstream	0x12	9	0	256	0
463	162660	9.084 sec	Downstream	0x3	0	0	NA	NA
464	162662	9.084 sec	Downstream	0x3	0	0	NA	NA
465	162666	9.084 sec	Downstream	0x3	0	0	NA	NA
466	162669	9.084 sec	Downstream	0x3	0	0	NA	NA
467	162671	9.084 sec	Downstream	0x1	15	0	NA	NA
468	162675	9.084 sec	Upstream	0x12	15	0	256	0
469	162677	9.084 sec	Downstream	0x3	0	0	NA	NA
470	162679	9.084 sec	Downstream	0x1	0	0	NA	NA
471	162683	9.084 sec	Upstream	0x12	0	0	256	0
472	162685	9.084 sec	Downstream	0x3	0	0	NA	NA
473	162687	9.084 sec	Downstream	0x3	0	0	NA	NA
474	162690	9.084 sec	Downstream	0x1	4	0	NA	NA
475	162694	9.084 sec	Upstream	0x12	4	0	256	0
476	162696	9.084 sec	Downstream	0x3	0	0	NA	NA
477	162698	9.084 sec	Downstream	0x1	10	0	NA	NA
478	162702	9.084 sec	Upstream	0x12	10	0	256	0
479	162704	9.084 sec	Downstream	0x3	0	0	NA	NA
480	162706	9.084 sec	Downstream	0x3	0	0	NA	NA
481	162710	9.084 sec	Downstream	0x3	0	0	NA	NA
482	162712	9.084 sec	Downstream	0x3	0	0	NA	NA
483	192256	9.289 sec	Downstream	0x3	0	0	NA	NA
484	192259	9.289 sec	Downstream	0x1	1	0	NA	NA
485	192263	9.289 sec	Upstream	0x12	1	0	256	0
486	192265	9.289 sec	Downstream	0x3	0	0	NA	NA
487	192267	9.289 sec	Downstream	0x3	0	0	NA	NA
488	192271	9.289 sec	Downstream	0x1	6	0	NA	NA
489	192274	9.289 sec	Upstream	0x12	6	0	256	0
490	192276	9.289 sec	Downstream	0x3	0	0	NA	NA
491	192278	9.289 sec	Downstream	0x1	12	0	NA	NA
492	192282	9.289 sec	Upstream	0x12	12	0	256	0
493	192284	9.289 sec	Downstream	0x3	0	0	NA	NA
494	192287	9.289 sec	Downstream	0x3	0	0	NA	NA
495	192289	9.289 sec	Downstream	0x1	2	0	NA	NA
496	192293	9.289 sec	Upstream	0x12	2	0	256	0
497	192295	9.289 sec	Downstream	0x3	0	0	NA	NA
498	192297	9.289 sec	Downstream	0x1	8	0	NA	NA
499	192301	9.289 sec	Upstream	0x12	8	0	256	0
500	192303	9.289 sec	Downstream	0x3	0	0	NA	NA
501	192305	9.289 sec	Downstream	0x3	0	0	NA	NA
502	192308	9.289 sec	Downstream	0x1	14	0	NA	NA
503	192312	9.289 sec	Upstream	0x12	14	0	256	0
504	192314	9.289 sec	Downstream	0x3	0	0	NA	NA
505	192316	9.289 sec	Downstream	0x1	0	0	NA	NA
506	192320	9.289 sec	Upstream	0x12	0	0	256	0
507	192322	9.289 sec	Downstream	0x3	0	0	NA	NA
508	192324	9.289 sec	Downstream	0x3	0	0	NA	NA
509	194638	9.305 sec	Downstream	0x3	0	0	NA	NA
510	196954	9.321 sec	Downstream	0x3	0	0	NA	NA
511	196957	9.321 sec	Downstream	0x1	5	0	NA	NA
512	196961	9.321 sec	Upstream	0x12	5	0	256	0
513	196963	9.321 sec	Downstream	0x3	0	0	NA	NA
514	196965	9.321 sec	Downstream	0x1	11	0	NA	NA
515	196969	9.321 sec	Upstream	0x12	11	0	256	0
516	196971	9.321 sec	Downstream	0x3	0	0	NA	NA
517	196973	9.321 sec	Downstream	0x3	0	0	NA	NA
518	196976	9.321 sec	Downstream	0x1	1	0	NA	NA
519	196980	9.321 sec	Upstream	0x12	1	0	256	0
520	196982	9.321 sec	Downstream	0x3	0	0	NA	NA
521	196984	9.321 sec	Downstream	0x1	7	0	NA	NA
522	196988	9.321 sec	Upstream	0x12	7	0	256	0
523	196990	9.321 sec	Downstream	0x3	0	0	NA	NA
524	201533	9.352 sec	Downstream	0x1	13	0	NA	NA
525	201536	9.352 sec	Upstream	0x12	13	0	256	0
526	201538	9.352 sec	Downstream	0x3	0	0	NA	NA
527	201540	9.352 sec	Downstream	0x1	3	0	NA	NA
528	201544	9.352 sec	Upstream	0x12	3	0	256	0
529	201546	9.352 sec	Downstream	0x3	0	0	NA	NA
530	201548	9.352 sec	Downstream	0x1	9	0	NA	NA
531	201552	9.352 sec	Upstream	0x12	9	0	256	0
532	201554	9.352 sec	Downstream	0x3	0	0	NA	NA
533	201556	9.352 sec	Downstream	0x1	15	0	NA	NA
534	201560	9.352 sec	Upstream	0x12	15	0	256	0
535	201562	9.352 sec	Downstream	0x3	0	0	NA	NA
536	201565	9.352 sec	Downstream	0x3	0	0	NA	NA
537	201568	9.352 sec	Downstream	0x3	0	0	NA	NA
538	201570	9.352 sec	Downstream	0x1	0	0	NA	NA
539	201574	9.352 sec	Upstream	0x12	0	0	256	0
540	201576	9.352 sec	Downstream	0x3	0	0	NA	NA
541	201578	9.352 sec	Downstream	0x3	0	0	NA	NA
542	201581	9.352 sec	Downstream	0x3	0	0	NA	NA
543	201584	9.352 sec	Downstream	0x1	4	0	NA	NA
544	201588	9.352 sec	Upstream	0x12	4	0	256	0
545	201590	9.352 sec	Downstream	0x3	0	0	NA	NA
546	201592	9.352 sec	Downstream	0x3	0	0	NA	NA
547	201595	9.352 sec	Downstream	0x1	10	0	NA	NA
548	201599	9.352 sec	Upstream	0x12	10	0	256	0
549	201603	9.352 sec	Downstream	0x3	0	0	NA	NA
550	201605	9.352 sec	Downstream	0x1	1	0	NA	NA
551	201609	9.352 sec	Upstream	0x12	1	0	256	0
552	201611	9.352 sec	Downstream	0x3	0	0	NA	NA
553	201613	9.352 sec	Downstream	0x1	6	0	NA	NA
554	201617	9.352 sec	Upstream	0x12	6	0	256	0
555	201619	9.352 sec	Downstream	0x3	0	0	NA	NA
556	201621	9.352 sec	Downstream	0x1	12	0	NA	NA
557	201625	9.352 sec	Upstream	0x12	12	0	256	0
558	201627	9.352 sec	Downstream	0x3	0	0	NA	NA
559	201629	9.352 sec	Downstream	0x1	2	0	NA	NA
560	201633	9.352 sec	Upstream	0x12	2	0	256	0
561	201635	9.352 sec	Downstream	0x3	0	0	NA	NA
562	201637	9.352 sec	Downstream	0x1	8	0	NA	NA
563	201641	9.352 sec	Upstream	0x12	8	0	256	0
564	201643	9.352 sec	Downstream	0x3	0	0	NA	NA
565	203964	9.368 sec	Downstream	0x1	14	0	NA	NA
566	203967	9.368 sec	Upstream	0x12	14	0	256	0
567	206275	9.384 sec	Downstream	0x1	0	0	NA	NA
568	206278	9.384 sec	Upstream	0x12	0	0	256	0
569	206281	9.384 sec	Downstream	0x3	0	0	NA	NA
570	206283	9.384 sec	Downstream	0x1	5	0	NA	NA
571	206287	9.384 sec	Upstream	0x12	5	0	256	0
572	206289	9.384 sec	Downstream	0x3	0	0	NA	NA
573	206292	9.384 sec	Downstream	0x1	11	0	NA	NA
574	206295	9.384 sec	Upstream	0x12	11	0	256	0
575	206297	9.384 sec	Downstream	0x3	0	0	NA	NA
576	206299	9.384 sec	Downstream	0x1	1	0	NA	NA
577	206303	9.384 sec	Upstream	0x12	1	0	256	0
578	206305	9.384 sec	Downstream	0x3	0	0	NA	NA
579	206307	9.384 sec	Downstream	0x1	7	0	NA	NA
580	206311	9.384 sec	Upstream	0x12	7	0	256	0
581	206313	9.384 sec	Downstream	0x3	0	0	NA	NA
582	206315	9.384 sec	Downstream	0x1	13	0	NA	NA
583	206319	9.384 sec	Upstream	0x12	13	0	256	0
584	206321	9.384 sec	Downstream	0x3	0	0	NA	NA
585	206324	9.384 sec	Downstream	0x3	0	0	NA	NA
586	206327	9.384 sec	Downstream	0x3	0	0	NA	NA
587	206329	9.384 sec	Downstream	0x1	3	0	NA	NA
588	206333	9.384 sec	Upstream	0x12	3	0	256	0
589	206335	9.384 sec	Downstream	0x3	0	0	NA	NA
590	206337	9.384 sec	Downstream	0x1	9	0	NA	NA
591	206341	9.384 sec	Upstream	0x12	9	0	256	0
592	210921	9.416 sec	Downstream	0x3	0	0	NA	NA
593	213284	9.433 sec	Downstream	0x1	15	0	NA	NA
594	213287	9.433 sec	Upstream	0x12	15	0	256	0
595	217943	9.465 sec	Downstream	0x1	0	0	NA	NA
596	217946	9.465 sec	Upstream	0x12	0	0	256	0
597	217949	9.465 sec	Downstream	0x1	4	0	NA	NA
598	217952	9.465 sec	Upstream	0x12	4	0	256	0
599	217954	9.465 sec	Downstream	0x1	10	0	NA	NA
600	217957	9.465 sec	Upstream	0x12	10	0	256	0
601	217959	9.465 sec	Downstream	0x3	0	0	NA	NA
602	217962	9.465 sec	Downstream	0x3	0	0	NA	NA
603	217965	9.465 sec	Downstream	0x3	0	0	NA	NA
604	217988	9.465 sec	Upstream	0x3	0	256	NA	NA
605	218017	9.465 sec	Downstream	0x1	1	0	NA	NA
606	218020	9.465 sec	Upstream	0x12	1	0	256	0
607	218022	9.465 sec	Downstream	0x3	0	0	NA	NA
608	218027	9.465 sec	Downstream	0x1	6	0	NA	NA
609	218030	9.465 sec	Upstream	0x12	6	0	256	0
610	218038	9.465 sec	Downstream	0x1	12	0	NA	NA
611	218041	9.465 sec	Upstream	0x12	12	0	256	0
612	222578	9.497 sec	Downstream	0x1	2	0	NA	NA
613	222581	9.497 sec	Upstream	0x12	2	0	256	0
614	222583	9.497 sec	Downstream	0x1	8	0	NA	NA
615	222586	9.497 sec	Upstream	0x12	8	0	256	0
616	222588	9.497 sec	Downstream	0x1	14	0	NA	NA
617	222591	9.497 sec	Upstream	0x12	14	0	256	0
618	222593	9.497 sec	Downstream	0x3	0	0	NA	NA
619	222596	9.497 sec	Downstream	0x3	0	0	NA	NA
620	222599	9.497 sec	Downstream	0x3	0	0	NA	NA
621	222643	9.497 sec	Upstream	0x3	0	256	NA	NA
622	222647	9.497 sec	Downstream	0x1	0	0	NA	NA
623	222650	9.497 sec	Upstream	0x12	0	0	256	0
624	222652	9.497 sec	Downstream	0x3	0	0	NA	NA
625	222655	9.497 sec	Downstream	0x1	5	0	NA	NA
626	222658	9.497 sec	Upstream	0x12	5	0	256	0
627	222660	9.497 sec	Downstream	0x1	11	0	NA	NA
628	222663	9.497 sec	Upstream	0x12	11	0	256	0
629	222667	9.497 sec	Downstream	0x1	1	0	NA	NA
630	222670	9.497 sec	Upstream	0x12	1	0	256	0
631	222673	9.497 sec	Downstream	0x1	7	0	NA	NA
632	222676	9.497 sec	Upstream	0x12	7	0	256	0
633	222678	9.497 sec	Downstream	0x1	13	0	NA	NA
634	222681	9.497 sec	Upstream	0x12	13	0	256	0
635	222683	9.497 sec	Downstream	0x1	3	0	NA	NA
636	222686	9.497 sec	Upstream	0x12	3	0	256	0
637	222688	9.497 sec	Downstream	0x1	9	0	NA	NA
638	222691	9.497 sec	Upstream	0x12	9	0	256	0
639	222693	9.497 sec	Downstream	0x1	15	0	NA	NA
640	222696	9.497 sec	Upstream	0x12	15	0	256	0
641	222698	9.497 sec	Downstream	0x3	0	0	NA	NA
642	222701	9.497 sec	Downstream	0x3	0	0	NA	NA
643	222704	9.497 sec	Downstream	0x3	0	0	NA	NA
644	222748	9.497 sec	Upstream	0x3	0	256	NA	NA
645	222762	9.497 sec	Downstream	0x1	0	0	NA	NA
646	222765	9.497 sec	Upstream	0x12	0	0	256	0
647	222769	9.497 sec	Downstream	0x3	0	0	NA	NA
648	222772	9.497 sec	Downstream	0x1	4	0	NA	NA
649	222775	9.497 sec	Upstream	0x12	4	0	256	0
650	222777	9.497 sec	Downstream	0x1	10	0	NA	NA
651	222780	9.497 sec	Upstream	0x12	10	0	256	0
652	222782	9.497 sec	Downstream	0x1	1	0	NA	NA
653	222785	9.497 sec	Upstream	0x12	1	0	256	0
654	222791	9.497 sec	Downstream	0x1	6	0	NA	NA
655	222794	9.497 sec	Upstream	0x12	6	0	256	0
656	222805	9.497 sec	Downstream	0x1	12	0	NA	NA
657	222808	9.497 sec	Upstream	0x12	12	0	256	0
658	222810	9.497 sec	Downstream	0x3	0	0	NA	NA
659	222813	9.497 sec	Downstream	0x3	0	0	NA	NA
660	222815	9.497 sec	Downstream	0x1	2	0	NA	NA
661	222819	9.497 sec	Upstream	0x12	2	0	256	0
662	222821	9.497 sec	Downstream	0x3	0	0	NA	NA
663	222823	9.497 sec	Downstream	0x1	8	0	NA	NA
664	222827	9.497 sec	Upstream	0x12	8	0	256	0
665	222829	9.497 sec	Downstream	0x1	14	0	NA	NA
666	222832	9.497 sec	Upstream	0x12	14	0	256	0
667	222834	9.497 sec	Downstream	0x3	0	0	NA	NA
668	222836	9.497 sec	Downstream	0x1	0	0	NA	NA
669	222840	9.497 sec	Upstream	0x12	0	0	256	0
670	222842	9.497 sec	Downstream	0x1	5	0	NA	NA
671	222845	9.497 sec	Upstream	0x12	5	0	256	0
672	222847	9.497 sec	Downstream	0x3	0	0	NA	NA
673	222849	9.497 sec	Downstream	0x1	11	0	NA	NA
674	222853	9.497 sec	Upstream	0x12	11	0	256	0
675	222855	9.498 sec	Downstream	0x1	1	0	NA	NA
676	222858	9.498 sec	Upstream	0x12	1	0	256	0
677	222860	9.498 sec	Downstream	0x3	0	0	NA	NA
678	222862	9.498 sec	Downstream	0x1	7	0	NA	NA
679	222866	9.498 sec	Upstream	0x12	7	0	256	0
680	222868	9.498 sec	Downstream	0x1	13	0	NA	NA
681	222871	9.498 sec	Upstream	0x12	13	0	256	0
682	222873	9.498 sec	Downstream	0x3	0	0	NA	NA
683	222875	9.498 sec	Downstream	0x1	3	0	NA	NA
684	222881	9.498 sec	Upstream	0x12	3	0	256	0
685	224227	9.507 sec	Upstream	0x3	0	256	NA	NA
686	224230	9.507 sec	Downstream	0x1	9	0	NA	NA
687	224233	9.507 sec	Upstream	0x12	9	0	256	0
688	225006	9.512 sec	Downstream	0x1	15	0	NA	NA
689	225009	9.512 sec	Upstream	0x12	15	0	256	0
690	225011	9.512 sec	Downstream	0x3	0	0	NA	NA
691	225013	9.512 sec	Downstream	0x1	0	0	NA	NA
692	225017	9.512 sec	Upstream	0x12	0	0	256	0
693	225019	9.512 sec	Downstream	0x1	4	0	NA	NA
694	225022	9.512 sec	Upstream	0x12	4	0	256	0
695	225024	9.512 sec	Downstream	0x1	10	0	NA	NA
696	225027	9.512 sec	Upstream	0x12	10	0	256	0
697	225029	9.512 sec	Downstream	0x3	0	0	NA	NA
698	225031	9.512 sec	Downstream	0x1	1	0	NA	NA
699	225035	9.512 sec	Upstream	0x12	1	0	256	0
700	225037	9.512 sec	Downstream	0x3	0	0	NA	NA
701	225043	9.512 sec	Downstream	0x9	6	0	NA	NA
702	225048	9.512 sec	Downstream	0x9	6	0	NA	NA
703	1484399	10.912 sec	Upstream	0xD	0	0	NA	NA
704	1484414	10.912 sec	Downstream	0xE	0	0	NA	NA
